icao24,callsign,origin_country,time_position,last_contact,longitude,latitude,baro_altitude,on_ground,velocity,true_track,vertical_rate,sensors,geo_altitude,squawk,spi,position_source,anomaly
a90ea8,DAL1820 ,United States,1738713100.0,1738713100,-84.424,33.6402,,True,0.45,0.0,,,,4635.0,False,0,-1
a5820f,N454MD  ,United States,1738713408.0,1738713408,-98.1921,30.0068,0.0,False,21.32,188.33,0.33,,,,False,0,-1
7c6b31,JST654  ,Australia,1738713402.0,1738713408,144.8376,-37.6562,,True,0.45,351.56,,,,,False,0,-1
a36898,DAL1347 ,United States,1738713405.0,1738713405,-84.4239,33.6447,,True,12.86,90.0,,,,,False,0,-1
aa9300,UAL70   ,United States,1738713407.0,1738713407,-67.3007,42.1689,11277.6,False,306.67,82.48,-0.33,,11033.76,1515.0,False,0,-1
aa56b5,UAL1691 ,United States,1738713407.0,1738713407,-112.2918,38.3969,11277.6,False,280.57,95.37,-0.33,,11513.82,5224.0,False,0,-1
aa56b3,UAL1263 ,United States,1738713361.0,1738713361,-104.6851,39.8638,,True,11.83,180.0,,,,3554.0,False,0,-1
a61815,N492FT  ,United States,1738713406.0,1738713406,-79.6243,43.6749,,True,2.57,225.0,,,,7430.0,False,0,-1
abfc71,SWA1595 ,United States,1738713128.0,1738713128,-115.1502,36.0803,,True,10.29,64.69,,,,2235.0,False,0,-1
a4c527,RPA4443 ,United States,1738713407.0,1738713407,-87.9195,41.969,,True,19.55,87.19,,,,,False,0,-1
3c65a8,DLH772  ,Germany,1738713408.0,1738713408,27.1396,37.1829,11277.6,False,285.91,137.84,0.0,,11300.46,6014.0,False,0,-1
ac1afa,SWA1543 ,United States,1738713404.0,1738713404,-84.416,33.6365,,True,10.29,90.0,,,,,False,0,-1
a94b2b,UAL2246 ,United States,1738713107.0,1738713109,-104.6851,39.8642,,True,12.86,180.0,,,,3131.0,False,0,-1
a41412,DAL325  ,United States,1738713406.0,1738713407,-84.4413,33.6386,,True,0.45,230.62,,,,,False,0,-1
a88d05,N650D   ,United States,1738713407.0,1738713407,-86.1528,42.2494,13723.62,False,301.19,117.35,0.0,,13769.34,6211.0,False,0,-1
ae0d25,NINJA00 ,United States,1738713288.0,1738713288,139.4479,35.4577,152.4,False,14.95,356.05,-1.95,,144.78,1200.0,False,0,-1
a1b489,N209MD  ,United States,1738713408.0,1738713408,-119.2335,38.2669,11803.38,False,290.95,80.02,3.9,,11986.26,6372.0,False,0,-1
84cb5b,JJP337  ,Japan,1738713402.0,1738713402,140.3917,35.7439,,True,2.57,239.06,,,,,False,0,-1
c04811,ROU1924 ,Canada,1738713408.0,1738713408,-98.2782,49.7886,11285.22,False,288.65,101.41,0.0,,11041.38,,False,0,-1
c1ec2c,SER359  ,Canada,,1738713272,,,,False,10.29,42.19,,,,,False,0,-1
3c6702,DLH489  ,Germany,1738713408.0,1738713408,-115.7507,50.472,11887.2,False,282.74,71.76,0.0,,11605.26,6615.0,False,0,-1
3c6718,DLH411  ,Germany,1738713339.0,1738713339,-57.6931,45.3228,12496.8,False,305.03,71.41,0.0,,12138.66,2742.0,False,0,-1
c033a5,CFTOM   ,Canada,1738713395.0,1738713395,-123.1797,49.2027,,True,18.52,101.25,,,,2721.0,False,0,-1
3c670b,DLH790  ,Germany,1738713383.0,1738713383,30.6483,34.3969,11269.98,False,305.63,124.09,0.0,,11384.28,6032.0,False,0,-1
3c670a,DLH638  ,Germany,1738713407.0,1738713407,28.7226,35.8557,12496.8,False,285.64,136.39,-0.33,,12580.62,6032.0,False,0,-1
c823b9,ZKDEU   ,New Zealand,1738713407.0,1738713408,172.5113,-43.394,121.92,False,25.63,79.59,-3.9,,137.16,1200.0,False,0,-1
a63a65,N500ES  ,United States,1738713407.0,1738713407,-90.4989,41.1307,11887.2,False,309.97,77.83,0.33,,12077.7,2650.0,False,0,-1
c07e33,ACA192  ,Canada,1738713407.0,1738713407,-89.4669,48.2611,10660.38,False,295.04,110.84,-0.33,,10386.06,,False,0,-1
aa44ac,UAL40   ,United States,1738713389.0,1738713396,-61.7655,44.2692,9448.8,False,292.9,68.57,0.0,,8983.98,1536.0,False,0,-1
c035d4,JZA994  ,Canada,1738713407.0,1738713407,-76.5384,42.8025,8229.6,False,294.14,108.88,-0.33,,8100.06,6310.0,False,0,-1
ab64ee,EJA833  ,United States,1738713407.0,1738713407,-112.5761,39.4919,12496.8,False,291.8,70.0,-0.65,,12740.64,6360.0,False,0,-1
3c4b33,DLH778  ,Germany,1738713408.0,1738713408,30.6546,34.388,10058.4,False,297.07,124.13,0.0,,10134.6,7645.0,False,0,-1
3c4b2f,DLH511  ,Germany,1738713293.0,1738713294,-47.1321,-12.7744,10058.4,False,283.48,14.29,0.0,,10706.1,,False,0,-1
a8dd7b,UAL146  ,United States,1738713407.0,1738713407,-67.1524,43.1126,11277.6,False,288.93,71.31,0.0,,10934.7,7153.0,True,0,-1
ae27fc,C6011   ,United States,1738713408.0,1738713408,-70.7761,42.8206,45.72,False,22.21,283.39,-0.33,,68.58,,False,0,-1
c0104f,ACA308  ,Canada,1738713407.0,1738713407,-88.8128,49.1056,11879.58,False,312.36,101.49,0.0,,11521.44,,False,0,-1
8015ce,IGO1058 ,India,1738713132.0,1738713407,96.4802,19.6096,10972.8,False,12.27,33.02,0.0,,10020.3,6147.0,False,0,-1
4080bf,BAW81V  ,United Kingdom,1738713407.0,1738713407,-82.5582,38.902,11269.98,False,280.92,58.78,-0.33,,11475.72,7772.0,False,0,-1
a27dac,N26LP   ,United States,1738713407.0,1738713407,-90.7049,42.4047,,True,2.31,345.94,,,,,False,0,-1
4401de,SKV444  ,Austria,1738713407.0,1738713407,-68.221,43.1705,12496.8,False,298.16,65.65,0.33,,12283.44,3070.0,False,0,-1
7103d6,SVA062  ,Saudi Arabia,1738713407.0,1738713407,-72.4477,45.7306,10668.0,False,289.76,70.83,-0.33,,10195.56,6305.0,False,0,-1
7103d8,SVA022  ,Saudi Arabia,1738713407.0,1738713408,17.257,35.4877,10668.0,False,297.65,98.65,0.0,,10835.64,,False,0,-1
7583e7,CEB5068 ,Philippines,1738713406.0,1738713407,136.7418,32.6292,10668.0,False,301.2,56.28,0.0,,10515.6,6571.0,False,0,-1
ac2d32,FDX92   ,United States,1738713407.0,1738713407,-59.8151,45.5643,11277.6,False,293.59,67.43,-0.33,,10828.02,6714.0,False,0,-1
a449cb,UAL2363 ,United States,1738713407.0,1738713407,-85.9012,41.933,11277.6,False,282.66,87.71,0.33,,11346.18,2653.0,False,0,-1
aab7f0,CHR7    ,United States,1738713372.0,1738713401,-118.7828,38.3285,13426.44,False,301.09,80.36,2.28,,13716.0,3374.0,False,0,-1
7cc405,248762  ,Australia,1738713407.0,1738713407,138.7432,-35.4613,198.12,False,23.8,173.8,-4.55,,198.12,,False,0,-1
7c6d9a,QFA435  ,Australia,1738713405.0,1738713405,151.1764,-33.9365,,True,9.77,149.06,,,,,False,0,-1
ac7aa9,DAL361  ,United States,1738713407.0,1738713407,-86.6825,43.2644,10058.4,False,290.26,95.08,0.0,,10081.26,6304.0,False,0,-1
7c6d8d,QFA678  ,Australia,1738713408.0,1738713408,144.8393,-37.671,,True,20.06,143.44,,,,7175.0,False,0,-1
a3534a,EDV4922 ,United States,1738713408.0,1738713408,-79.7106,41.1246,10058.4,False,281.41,85.07,0.0,,10088.88,1111.0,False,0,-1
70209f,BBC306  ,Bangladesh,1738713407.0,1738713407,-68.6431,46.5587,10660.38,False,284.02,73.37,0.98,,10111.74,576.0,False,0,-1
70209e,BBC338  ,Bangladesh,1738713407.0,1738713408,83.3989,23.1274,11887.2,False,282.49,91.15,0.0,,12466.32,4544.0,False,0,-1
86d8cc,SJO422  ,Japan,1738713407.0,1738713407,138.7285,34.0669,9456.42,False,293.65,71.09,0.0,,9113.52,3441.0,False,0,-1
758528,APG190  ,Philippines,1738713407.0,1738713407,136.5903,32.5429,11285.22,False,295.72,57.72,-0.33,,11140.44,6515.0,False,0,-1
a1009b,N164AS  ,United States,1738713408.0,1738713408,-100.2714,31.4181,1318.26,False,25.09,164.54,-5.2,,1341.12,,False,0,-1
8960f0,UAE13U  ,United Arab Emirates,1738713377.0,1738713378,37.8305,39.3641,11887.2,False,280.74,120.75,0.0,,11811.0,7701.0,False,0,-1
a05544,JTL120  ,United States,1738713407.0,1738713407,-78.2108,41.7813,10850.88,False,284.45,79.69,-7.8,,10774.68,7602.0,False,0,-1
acd27a,N925TV  ,United States,1738713406.0,1738713407,-118.4562,34.2452,769.62,False,2.12,255.96,0.98,,731.52,220.0,False,0,-1
781b7d,CQH6239 ,China,1738713406.0,1738713406,130.0557,33.042,9448.8,False,290.1,70.63,0.33,,9220.2,,False,0,-1
acf849,AAL1941 ,United States,1738713408.0,1738713408,-81.6237,41.1978,11277.6,False,291.65,111.63,0.0,,11323.32,5747.0,False,0,-1
484411,KLM183  ,Kingdom of the Netherlands,1738713407.0,1738713407,-65.7277,44.9671,11887.2,False,283.3,59.2,0.0,,11498.58,3665.0,False,0,-1
ac8217,DAL2159 ,United States,1738713407.0,1738713407,-120.2256,39.2038,10668.0,False,300.94,62.95,0.0,,10706.1,4320.0,False,0,-1
a5dbae,LXJ477  ,United States,1738713407.0,1738713407,-108.5874,40.1131,13716.0,False,282.19,78.75,-0.33,,14005.56,,False,0,-1
ac2c9c,SWA1744 ,United States,1738713408.0,1738713408,-111.9953,33.431,,True,23.66,270.0,,,,,False,0,-1
89616a,UAE244  ,United Arab Emirates,1738713407.0,1738713407,38.4305,39.4189,11887.2,False,280.76,113.89,0.0,,11780.52,1165.0,False,0,-1
4b5d8a,EUGEN17 ,Switzerland,1738713408.0,1738713408,8.5562,47.4576,,True,21.61,95.62,,,,,False,0,-1
a72eeb,LXJ562  ,United States,1738713408.0,1738713408,-117.3085,34.7676,9387.84,False,287.96,72.21,9.1,,9624.06,1064.0,False,0,-1
a77dae,DAL386  ,United States,1738713407.0,1738713407,-85.8019,42.5141,10652.76,False,289.36,92.34,0.0,,10721.34,4166.0,False,0,-1
440184,AUA94   ,Austria,1738713408.0,1738713408,-74.4249,40.1461,10888.98,False,293.12,69.88,4.55,,10896.6,6235.0,False,0,-1
44012f,AUA90   ,Austria,1738713407.0,1738713407,-63.8522,44.845,11269.98,False,290.48,61.66,0.0,,10835.64,7162.0,False,0,-1
a70a86,N55291  ,United States,1738713394.0,1738713398,-117.4335,33.9503,266.7,False,27.57,284.04,-2.28,,236.22,,False,0,-1
acc02b,SWA4729 ,United States,1738713404.0,1738713404,-121.9255,37.3627,,True,2.83,47.81,,,,1240.0,False,0,-1
872f5c,ANA889  ,Japan,1738713407.0,1738713408,139.803,35.535,,True,12.86,157.5,,,,3105.0,False,0,-1
84d622,SFJ74   ,Japan,1738713408.0,1738713408,138.0434,34.7144,10576.56,False,295.81,89.7,-12.68,,10256.52,1740.0,False,0,-1
ac705a,JAS99   ,United States,1738713407.0,1738713407,-105.7096,36.9954,12496.8,False,289.27,70.79,0.0,,12870.18,3060.0,False,0,-1
a6178b,N492AE  ,United States,1738713315.0,1738713364,-76.749,40.1965,152.4,False,9.32,276.34,-1.63,,198.12,,False,0,-1
e49bfc,TAM4751 ,Brazil,1738713401.0,1738713401,-47.9188,-15.879,,True,15.43,70.31,,,,,False,0,-1
a4cfe0,UPS5086 ,United States,1738713404.0,1738713404,-74.1629,40.6988,,True,10.8,22.5,,,,6203.0,False,0,-1
a47fd9,UAL182  ,United States,1738713407.0,1738713407,-95.4888,45.6622,11277.6,False,293.63,62.22,-0.33,,11262.36,3263.0,False,0,-1
aa6914,AAL198  ,United States,1738713408.0,1738713408,-70.5906,41.2858,11277.6,False,293.48,61.64,0.0,,11132.82,1742.0,False,0,-1
7380c2,ELY018  ,Israel,1738713408.0,1738713408,-7.2433,51.8276,11269.98,False,283.21,92.5,0.33,,11178.54,2215.0,False,0,-1
7380c6,ELY006  ,Israel,1738713407.0,1738713407,-102.7047,42.2691,10660.38,False,291.54,57.32,-0.33,,10797.54,2157.0,False,0,-1
344347,,Spain,,1738713286,,,,False,10.8,244.69,,,,,False,0,-1
7c3941,LLF     ,Australia,1738713141.0,1738713141,145.0968,-37.9709,38.1,False,27.34,175.68,-1.95,,45.72,3000.0,False,0,-1
aa568f,UAL1954 ,United States,1738713407.0,1738713407,-96.1397,42.5516,11887.2,False,283.0,88.85,0.0,,12001.5,655.0,False,0,-1
440bc7,BCS7331 ,Austria,1738713402.0,1738713408,8.7372,45.617,,True,10.8,2.81,,,,2000.0,False,0,-1
ae4d35,LG611   ,United States,1738713338.0,1738713357,-117.1314,32.5978,-45.72,False,2.12,255.96,-4.55,,22.86,,False,0,-1
e49889,GLO1740 ,Brazil,1738713407.0,1738713407,-47.9273,-15.8635,,True,2.57,47.81,,,,,False,0,-1
020118,ABY581  ,Morocco,1738713406.0,1738713407,31.7979,30.0086,9014.46,False,293.15,117.6,4.23,,9334.5,6154.0,False,0,-1
400683,BAW216  ,United Kingdom,1738713408.0,1738713408,-74.1302,40.2333,11277.6,False,287.4,70.01,0.0,,11262.36,1357.0,False,0,-1
a6a6ba,VAR528  ,United States,1738713408.0,1738713408,-112.3729,33.4259,304.8,False,24.18,218.09,0.0,,259.08,,False,0,-1
c08851,POE306  ,Canada,1738713408.0,1738713408,-90.0121,48.3384,11887.2,False,288.49,102.25,0.0,,11574.78,,False,0,-1
781bb6,CQH6129 ,China,1738713408.0,1738713408,132.7849,33.2567,11292.84,False,314.95,81.83,-0.33,,11132.82,,False,0,-1
a9db04,N734MK  ,United States,1738713394.0,1738713394,-111.9039,41.9265,2415.54,False,13.42,184.4,-1.95,,2362.2,,False,0,-1
484204,,Kingdom of the Netherlands,1738713202.0,1738713202,4.7434,52.32,,True,13.38,0.0,,,,,False,0,-1
896318,UAE194  ,United Arab Emirates,1738713281.0,1738713281,18.3006,35.561,10668.0,False,296.01,97.09,0.0,,10812.78,,False,0,-1
c0617d,POE404  ,Canada,1738713407.0,1738713408,-81.6886,45.332,11277.6,False,290.82,136.94,0.0,,11018.52,,False,0,-1
a8ce92,DAL2984 ,United States,1738713405.0,1738713405,-84.4316,33.6366,,True,10.8,90.0,,,,,False,0,-1
a3f7b8,DAL827  ,United States,1738713407.0,1738713408,-71.0071,42.3568,,True,25.21,255.94,,,,3264.0,False,0,-1
a13af4,DAL317  ,United States,1738713408.0,1738713408,-81.232,42.3144,11887.2,False,295.49,93.99,0.0,,11826.24,1637.0,False,0,-1
a4414a,DAL2449 ,United States,1738713197.0,1738713208,-112.0112,33.4329,,True,0.45,78.75,,,,,False,0,-1
a9f4a0,XOJ740  ,United States,1738713407.0,1738713408,-82.1494,42.7425,9441.18,False,281.82,53.61,-0.33,,9441.18,6512.0,False,0,-1
a69472,N523DV  ,United States,1738713408.0,1738713408,-117.5362,47.617,,True,10.8,222.19,,,,,False,0,-1
a49ae3,UPS5738 ,United States,1738713229.0,1738713229,-97.589,35.3945,,True,23.15,0.0,,,,7305.0,False,0,-1
8963b6,FDB1ZA  ,United Arab Emirates,1738713407.0,1738713407,33.3815,29.6145,10881.36,False,293.86,97.75,4.23,,11254.74,6164.0,False,0,-1
896534,ETD142  ,United Arab Emirates,1738713408.0,1738713408,33.2582,32.8885,11879.58,False,307.43,117.72,0.0,,12108.18,3053.0,False,0,-1
a5e9f4,EDV4964 ,United States,1738713408.0,1738713408,-79.8445,43.0669,10668.0,False,289.26,93.88,0.0,,10568.94,1325.0,False,0,-1
7cad46,,Australia,1738713348.0,1738713348,153.1264,-27.3821,,True,10.8,28.12,,,,,False,0,-1
7c777b,QFA1934 ,Australia,1738713328.0,1738713328,153.1232,-27.3822,,True,2.83,267.19,,,,1407.0,False,0,-1
c1e4e1,SER352  ,Canada,1738713329.0,1738713329,-73.7544,45.4595,,True,2.31,261.56,,,,,False,0,-1
484369,KLM887  ,Kingdom of the Netherlands,1738713185.0,1738713408,35.0729,45.0403,10058.4,False,24.75,339.3,0.33,,9098.28,1417.0,False,0,-1
c0141e,CFHQB   ,Canada,1738713385.0,1738713385,-105.087,39.5279,1706.88,False,17.56,121.83,-0.33,,1729.74,,False,0,-1
c826b4,RMTKEA3 ,New Zealand,1738713408.0,1738713408,172.5402,-43.8589,1836.42,False,9.39,99.46,-0.98,,1897.38,1600.0,False,0,-1
a18b71,AAL2448 ,United States,1738713407.0,1738713407,-110.3675,37.4949,11277.6,False,285.29,105.26,-0.33,,11582.4,3632.0,True,0,-1
780b15,CSN654  ,China,1738713256.0,1738713405,38.6351,59.1017,11887.2,False,26.26,357.75,7.8,,10927.08,,False,0,-1
a658d8,N508ND  ,United States,1738713406.0,1738713407,-118.4897,34.2157,220.98,False,24.74,176.42,-0.98,,205.74,214.0,False,0,-1
a8c36d,DAL8845 ,United States,1738713405.0,1738713405,-84.4152,33.6454,,True,13.38,90.0,,,,,False,0,-1
84c3fc,JJP528  ,Japan,1738713408.0,1738713408,138.6102,33.8819,10043.16,False,291.22,76.31,0.33,,9707.88,1707.0,False,0,-1
c800a3,ZKBCO   ,New Zealand,1738713199.0,1738713199,172.5011,-43.3752,60.96,False,23.35,82.41,-2.28,,76.2,,False,0,-1
76d255,TGW264  ,Singapore,1738713393.0,1738713394,103.9838,1.3294,,True,0.45,112.5,,,,,False,0,-1
43c94f,PNTHR76 ,United Kingdom,1738713265.0,1738713265,-1.5532,51.1534,-30.48,False,12.74,223.36,-1.3,,190.5,,False,0,-1
a5cd55,GTI8250 ,United States,1738713408.0,1738713408,131.8471,33.4854,10058.4,False,313.46,67.52,-0.33,,9761.22,,False,0,-1
a2248e,N237X   ,United States,1738713407.0,1738713407,-77.0351,41.6473,9997.44,False,309.03,109.85,-11.38,,9928.86,6274.0,False,0,-1
a4b470,DAL152  ,United States,1738713408.0,1738713408,-78.5169,46.9013,11277.6,False,297.03,86.03,0.0,,10866.12,3631.0,False,0,-1
485ecd,KLM835  ,Kingdom of the Netherlands,1738713407.0,1738713407,34.0948,32.5354,9448.8,False,306.0,116.13,0.0,,9639.3,164.0,False,0,-1
a4fae8,N42ST   ,United States,1738713408.0,1738713408,-74.7226,42.9325,11894.82,False,294.27,105.2,-0.65,,11673.84,6542.0,False,0,-1
8964bf,ETD9TC  ,United Arab Emirates,1738713408.0,1738713408,32.3023,33.4461,11879.58,False,305.42,125.06,0.33,,12062.46,4111.0,False,0,-1
c049e9,SWG278  ,Canada,1738713408.0,1738713408,-75.7455,44.7665,9418.32,False,280.72,70.07,-7.48,,9075.42,7307.0,False,0,-1
4077d4,VIR8Y   ,United Kingdom,1738713408.0,1738713408,-115.2545,36.0116,11269.98,False,290.77,48.3,0.98,,11605.26,7233.0,False,0,-1
888158,VJC822  ,Viet Nam,1738713104.0,1738713104,140.3907,35.7767,,True,2.31,104.06,,,,3625.0,False,0,-1
86ec40,ANA632  ,Japan,1738713406.0,1738713407,139.7751,35.5552,,True,12.86,329.06,,,,3312.0,False,0,-1
780ab9,CPA256  ,China,1738713408.0,1738713408,39.6281,41.8407,11887.2,False,282.77,92.82,0.33,,11742.42,2233.0,False,0,-1
a16692,N19HS   ,United States,1738713407.0,1738713408,-121.0232,36.5723,9532.62,False,280.6,138.42,11.05,,9654.54,6367.0,False,0,-1
ad08d7,N939TX  ,United States,1738713408.0,1738713408,-105.9537,43.8851,13266.42,False,291.06,120.6,0.98,,13380.72,,False,0,-1
ab5365,DAL939  ,United States,1738713408.0,1738713408,-79.1011,41.9967,11887.2,False,293.09,101.65,0.0,,11841.48,2051.0,False,0,-1
acc31a,AAL2092 ,United States,1738713188.0,1738713197,-73.8756,40.7754,,True,0.45,323.44,,,,,False,0,-1
a2b081,UAL1762 ,United States,1738713407.0,1738713407,-104.685,39.8702,,True,10.8,180.0,,,,3672.0,False,0,-1
71d073,,Republic of Korea,1738713162.0,1738713162,126.7987,37.5595,,True,2.83,95.62,,,,,False,0,-1
89653a,ETD80   ,United Arab Emirates,1738713408.0,1738713408,26.2771,37.3031,11269.98,False,286.35,129.09,-0.33,,11323.32,414.0,False,0,-1
4851ad,KLM642  ,Kingdom of the Netherlands,,1738713394,,,11269.98,False,298.86,63.3,0.33,,10911.84,,False,0,-1
ac2fc3,SWA2078 ,United States,1738713172.0,1738713172,-104.6851,39.8638,,True,13.38,180.0,,,,6663.0,False,0,-1
a1a2a2,UAL1449 ,United States,1738713407.0,1738713407,-91.0714,42.4177,11277.6,False,296.08,94.18,0.0,,11376.66,211.0,False,0,-1
a5e880,N48ZA   ,United States,1738713336.0,1738713336,-74.0067,40.6988,-30.48,False,25.31,322.43,-2.6,,30.48,1200.0,False,0,-1
c037e7,CFVEK   ,Canada,1738713407.0,1738713407,-89.3216,48.3713,,True,2.83,222.19,,,,,False,0,-1
4afbd2,403     ,Sweden,1738713407.0,1738713407,17.9504,59.658,,True,2.57,123.75,,,,,False,0,-1
a8c094,NKS906  ,United States,1738713407.0,1738713407,-114.5715,36.2607,10683.24,False,292.87,69.43,0.0,,10965.18,7113.0,False,0,-1
a668f1,VAR512  ,United States,1738713242.0,1738713242,-112.3689,33.4285,,True,9.26,36.56,,,,,False,0,-1
c00b9d,JZA967  ,Canada,1738713296.0,1738713296,-73.7265,45.4721,,True,9.26,42.19,,,,,False,0,-1
ac7fc7,WUP94   ,United States,1738713408.0,1738713408,-83.2398,41.4779,12496.8,False,321.48,107.8,-0.65,,12557.76,6203.0,False,0,-1
7c03f0,NWK6304 ,Australia,1738713408.0,1738713408,121.4705,-30.7934,,True,13.89,292.5,,,,4245.0,False,0,-1
a40455,UPS119  ,United States,1738713256.0,1738713256,133.793,33.3738,11285.22,False,316.63,82.34,-0.33,,11079.48,,False,0,-1
a89703,N65231  ,United States,1738713403.0,1738713405,-85.8153,38.248,472.44,False,27.43,203.2,1.63,,525.78,107.0,False,0,-1
a059e3,UAL2267 ,United States,1738713407.0,1738713407,-115.1506,36.0787,,True,10.29,272.81,,,,,False,0,-1
86e058,TZP54   ,Japan,1738713407.0,1738713407,138.4284,33.5023,12496.8,False,310.74,58.68,-0.33,,12412.98,3707.0,False,0,-1
abf29f,SWA3786 ,United States,1738713407.0,1738713407,-79.6443,39.8564,11490.96,False,284.32,114.48,-14.31,,11605.26,6217.0,False,0,-1
152015,AFL1502 ,Russian Federation,1738713235.0,1738713408,56.0691,54.7202,10675.62,False,19.34,28.61,0.0,,9715.5,1550.0,False,0,-1
845bf8,JA10KE  ,Japan,1738713408.0,1738713408,140.4043,35.7988,426.72,False,10.42,327.09,0.33,,358.14,1200.0,False,0,-1
7c1791,EXV     ,Australia,1738713093.0,1738713168,151.1913,-33.9395,8016.24,False,13.93,175.76,-1.3,,,45.0,False,0,-1
ac7419,NKS185  ,United States,1738713407.0,1738713407,-110.155,35.5533,11292.84,False,287.18,93.8,-0.33,,11673.84,6403.0,False,0,-1
a01f73,RPA4414 ,United States,1738713407.0,1738713407,-78.9951,41.3085,9448.8,False,290.43,98.04,0.0,,9425.94,4134.0,False,0,-1
4d0104,ICV54N  ,Luxembourg,1738713407.0,1738713407,-64.8831,45.137,11887.2,False,297.92,70.53,0.0,,11460.48,6225.0,False,0,-1
a216b1,N2335E  ,United States,1738713146.0,1738713146,-95.7582,41.2468,320.04,False,26.8,3.3,-3.25,,487.68,1200.0,False,0,-1
040197,ETH713  ,Ethiopia,1738713403.0,1738713403,24.2008,34.1457,11887.2,False,293.16,125.14,0.0,,12062.46,,False,0,-1
c04067,ACA266  ,Canada,1738713259.0,1738713259,-94.6738,49.8691,9349.74,False,291.42,106.2,6.83,,9052.56,,False,0,-1
04014c,ETH729  ,Ethiopia,1738713338.0,1738713338,23.1729,35.1286,11277.6,False,282.02,136.55,0.0,,11391.9,453.0,False,0,-1
89901d,CAL024  ,Taiwan,1738713408.0,1738713408,-119.8977,34.4159,8839.2,False,287.24,81.35,0.33,,9029.7,7346.0,False,0,-1
406f7c,BAW5CA  ,United Kingdom,1738713407.0,1738713407,-79.659,43.6749,,True,9.26,236.25,,,,2244.0,False,0,-1
507c7b,UZS412  ,Uzbekistan,1738713407.0,1738713407,48.1918,27.0676,9448.8,False,283.77,87.3,0.0,,9776.46,,False,0,-1
a24c77,UAL1559 ,United States,1738713407.0,1738713407,-86.5764,41.911,11887.2,False,282.21,87.39,0.0,,11963.4,7352.0,False,0,-1
c06627,CGMRU   ,Canada,1738713407.0,1738713407,-114.3787,51.1017,1150.62,False,25.23,357.66,-0.33,,1188.72,,False,0,-1
406f78,BAW259  ,United Kingdom,1738713407.0,1738713407,28.9265,35.6548,12496.8,False,283.01,135.29,0.0,,12611.1,5231.0,False,0,-1
ac053f,AAL44   ,United States,1738713332.0,1738713332,-58.5039,45.1277,11887.2,False,303.6,70.71,-0.33,,11536.68,7117.0,False,0,-1
abcb32,N6185K  ,United States,1738713407.0,1738713407,-122.3108,47.541,182.88,False,26.48,330.95,2.6,,121.92,,False,0,-1
abe52d,AMX481  ,United States,1738713263.0,1738713263,-99.0771,19.4307,,True,10.29,210.94,,,,,False,0,-1
a038cd,XAA9070 ,United States,1738713408.0,1738713408,-98.4526,39.9629,12496.8,False,303.4,78.06,0.0,,12710.16,7267.0,False,0,-1
a2b691,ENY4283 ,United States,1738713408.0,1738713408,-79.6805,41.9809,10668.0,False,288.83,96.34,0.33,,10645.14,1377.0,False,0,-1
a70801,N552MW  ,United States,1738713406.0,1738713407,-121.5381,45.9326,10058.4,False,287.79,71.34,-0.33,,9806.94,,False,0,-1
a31216,UAL1244 ,United States,1738713407.0,1738713407,-76.922,41.3606,8785.86,False,285.12,101.03,-12.35,,8755.38,6077.0,False,0,-1
a0be81,UPS7889 ,United States,1738713408.0,1738713408,-113.9335,35.2904,11064.24,False,293.32,108.09,11.38,,11391.9,1373.0,False,0,-1
394a18,AFR256  ,France,1738713407.0,1738713407,31.86,32.8663,10058.4,False,286.35,140.91,0.0,,10241.28,5622.0,False,0,-1
a1cb05,JBU1734 ,United States,1738713408.0,1738713408,-77.2542,42.9126,10660.38,False,284.73,92.38,-0.33,,10507.98,3753.0,False,0,-1
aa6209,N7683H  ,United States,1738713406.0,1738713407,-118.2518,33.8894,60.96,False,26.0,242.93,1.95,,53.34,1200.0,False,0,-1
acb608,SCW3810 ,United States,1738713298.0,1738713298,-121.9297,37.3584,,True,2.83,199.69,,,,4530.0,False,0,-1
c1e899,SAF203  ,Canada,1738713194.0,1738713194,-79.5965,43.6726,,True,14.92,227.81,,,,,False,0,-1
3b1fff,,France,1738713386.0,1738713386,2.3597,48.7253,,True,9.26,194.06,,,,,False,0,-1
ace063,JBU700  ,United States,1738713407.0,1738713407,-113.7224,33.3858,10050.78,False,283.82,100.76,0.0,,10378.44,6231.0,False,0,-1
76e987,,Singapore,1738713257.0,1738713257,103.9937,1.3374,,True,15.43,202.5,,,,,False,0,-1
846658,FDA200  ,Japan,1738713407.0,1738713407,136.6494,34.7917,10378.44,False,285.34,62.28,-5.85,,9966.96,4753.0,False,0,-1
ac18e0,N879MH  ,United States,1738713301.0,1738713340,-115.1739,36.0867,31089.6,True,22.64,158.68,-2.28,,,5572.0,False,0,-1
a2b728,UPS5358 ,United States,1738713149.0,1738713149,-82.5252,27.9729,,True,11.83,92.81,,,,1422.0,False,0,-1
010255,RBG415  ,Egypt,1738713314.0,1738713362,35.3916,29.5058,11277.6,False,290.44,77.42,3.25,,11612.88,6137.0,False,0,-1
8990a9,CAL922  ,Taiwan,1738713209.0,1738713395,113.9141,22.3133,,True,12.35,250.31,,,,,False,0,-1
a4dd65,AAL2407 ,United States,1738713407.0,1738713407,-98.1521,44.4013,11277.6,False,280.64,108.93,0.33,,11330.94,6642.0,False,0,-1
ac79ea,N9027C  ,United States,1738713386.0,1738713386,-76.1827,36.2613,-76.2,False,26.77,92.2,-2.6,,0.0,,False,0,-1
abdf4e,N864SL  ,United States,1738713407.0,1738713407,-118.1882,33.6995,899.16,False,20.81,230.01,0.33,,883.92,1200.0,False,0,-1
a4ca56,N40798  ,United States,1738713407.0,1738713407,-118.492,34.2144,,True,10.29,343.12,,,,5324.0,False,0,-1
aaac4a,UAL57   ,United States,1738713407.0,1738713407,-71.6979,41.8777,10675.62,False,295.88,83.11,0.0,,10492.74,7166.0,False,0,-1
c06709,ACA1280 ,Canada,1738713407.0,1738713407,-100.4694,41.8647,11010.9,False,280.97,68.74,0.33,,11163.3,3452.0,False,0,-1
a0fa8b,EJA162  ,United States,1738713407.0,1738713407,-95.2556,44.308,13708.38,False,301.8,107.66,0.33,,13792.2,6044.0,False,0,-1
485e30,KLM272  ,Kingdom of the Netherlands,1738713408.0,1738713408,-69.2666,43.2373,11887.2,False,293.14,53.49,-0.33,,11605.26,7234.0,False,0,-1
a36cc5,N32JF   ,United States,1738713400.0,1738713407,-116.7311,36.5841,,True,280.89,130.69,0.98,,,301.0,False,0,-1
c1e8a9,BUS822  ,Canada,1738713286.0,1738713286,-79.6314,43.6805,,True,11.32,135.0,,,,,False,0,-1
a240ae,N244US  ,United States,1738713397.0,1738713397,-149.978,61.1707,,True,0.32,180.0,,,,436.0,False,0,-1
c01860,JZA748  ,Canada,1738713333.0,1738713333,-79.6068,43.6803,,True,2.57,326.25,,,,5766.0,False,0,-1
aa26c8,SKW6481 ,United States,1738713172.0,1738713172,-111.9959,33.4368,,True,2.83,272.81,,,,,False,0,-1
4075c2,UBT70Z  ,United Kingdom,1738713365.0,1738713365,-73.7708,40.6296,,True,2.57,225.0,,,,,False,0,-1
a8295d,FFT1756 ,United States,1738713407.0,1738713408,-112.7449,33.1857,10058.4,False,282.23,102.31,0.0,,10431.78,2564.0,False,0,-1
a4f6bb,JTZ419  ,United States,1738713290.0,1738713290,-84.3041,33.8742,,True,9.77,199.69,,,,,False,0,-1
a79b46,N59CF   ,United States,1738713408.0,1738713408,-69.1061,42.6047,11277.6,False,293.95,69.73,0.33,,11033.76,7306.0,False,0,-1
addfed,EJM216  ,United States,1738713407.0,1738713407,-119.2949,39.4436,12504.42,False,302.9,51.69,0.0,,12672.06,3302.0,False,0,-1
84b77f,APJ518  ,Japan,1738713407.0,1738713407,135.9368,33.5954,10660.38,False,308.54,83.59,-0.65,,10424.16,414.0,False,0,-1
ab08a0,N81SN   ,United States,1738713395.0,1738713403,-83.7684,32.5166,,True,2.83,0.0,,,,,False,0,-1
aa6c50,UAL108  ,United States,1738713394.0,1738713407,-63.7421,43.1179,10668.0,False,287.89,70.04,0.0,,10317.48,3670.0,False,0,-1
a1442f,SWA3510 ,United States,1738713408.0,1738713408,-117.6393,34.4578,10675.62,False,294.01,81.35,0.0,,11003.28,2773.0,False,0,-1
a03765,AAL274  ,United States,1738713407.0,1738713407,-84.4211,42.0091,11277.6,False,286.56,89.49,0.0,,11308.08,4104.0,False,0,-1
a07dcd,UAL1855 ,United States,1738713408.0,1738713408,-93.7796,41.4218,11879.58,False,297.54,80.85,0.33,,12054.84,1030.0,False,0,-1
a7670b,N5760   ,United States,1738713408.0,1738713408,-115.1924,36.2135,,True,14.92,90.0,,,,,False,0,-1
a37d66,N324CH  ,United States,1738713407.0,1738713407,-107.2649,35.7964,11902.44,False,283.89,108.93,-0.65,,12306.3,1342.0,False,0,-1
a51425,RPA4470 ,United States,1738713407.0,1738713407,-81.7322,40.9245,10668.0,False,281.59,82.76,0.0,,10728.96,5576.0,False,0,-1
7c06e8,BNE     ,Australia,1738713207.0,1738713207,144.4278,-38.2565,-15.24,False,15.06,187.85,0.65,,7.62,1200.0,False,0,-1
485b45,KLM602  ,Kingdom of the Netherlands,1738713407.0,1738713407,-100.1915,43.428,10660.38,False,299.12,62.55,-0.33,,10767.06,1317.0,False,0,-1
a3979f,UPS2992 ,United States,1738713293.0,1738713293,-122.6057,45.5858,,True,2.31,180.0,,,,,False,0,-1
406d79,BAW20R  ,United Kingdom,1738713408.0,1738713408,-80.4558,43.2859,11887.2,False,285.86,65.1,0.0,,11772.9,732.0,False,0,-1
86dd6e,JAL106  ,Japan,1738713407.0,1738713407,137.5739,34.7603,8846.82,False,284.68,98.0,-0.98,,8427.72,2067.0,False,0,-1
a09961,EDV4962 ,United States,1738713407.0,1738713407,-74.1698,40.688,,True,11.32,208.12,,,,6565.0,False,0,-1
c05bd5,ACA116  ,Canada,1738713408.0,1738713408,-103.5498,50.0985,10668.0,False,282.49,91.15,0.33,,10439.4,4544.0,False,0,-1
7cf46c,,Australia,1738713171.0,1738713171,151.1765,-33.9267,,True,9.26,320.62,,,,,False,0,-1
8990e2,EVA052  ,Taiwan,1738713399.0,1738713399,-118.7612,38.1054,10675.62,False,314.62,80.4,-1.95,,10812.78,72.0,False,0,-1
a06010,AAL1417 ,United States,1738713407.0,1738713407,-78.9016,40.3463,9189.72,False,291.95,92.42,-6.18,,9265.92,744.0,False,0,-1
8990e0,EVA032  ,Taiwan,1738713407.0,1738713408,-80.4796,47.3864,11277.6,False,303.21,139.47,0.0,,10850.88,,False,0,-1
8990df,EVA036  ,Taiwan,1738713407.0,1738713407,-84.2188,47.4062,11277.6,False,292.67,139.56,0.0,,10942.32,,False,0,-1
a3cd7d,AAL562  ,United States,1738713407.0,1738713407,-80.9692,41.5,10668.0,False,281.28,96.72,0.0,,10683.24,1343.0,False,0,-1
a32f1b,ENY3402 ,United States,1738713404.0,1738713404,-111.9923,33.4326,,True,2.57,182.81,,,,,False,0,-1
a5ac14,HAL1621 ,United States,1738713408.0,1738713408,-111.9798,34.8568,11887.2,False,286.49,69.61,0.0,,12313.92,6312.0,False,0,-1
a34978,JBU102  ,United States,1738713204.0,1738713207,-78.7325,42.9349,,True,0.45,135.0,,,,5411.0,False,0,-1
4ca39d,DAA M23 ,Ireland,1738713407.0,1738713407,-6.258,53.4316,,True,15.43,334.69,,,,,False,0,-1
abd135,SWA844  ,United States,1738713407.0,1738713407,-115.3221,33.78,10058.4,False,284.7,111.19,0.65,,10386.06,3336.0,False,0,-1
c1e885,BUS291  ,Canada,1738713309.0,1738713309,-79.6212,43.6856,,True,2.31,317.81,,,,,False,0,-1
a7ff72,SKW5563 ,United States,1738713316.0,1738713408,-87.9093,41.9949,,True,11.32,270.0,,,,,False,0,-1
c1e864,MTC641  ,Canada,1738713365.0,1738713365,-79.6086,43.676,,True,9.77,315.0,,,,,False,0,-1
c0526c,AIE735  ,Canada,1738713140.0,1738713140,-106.6928,52.1755,,True,13.38,98.44,,,,,False,0,-1
a8001e,N6141J  ,United States,1738713280.0,1738713280,-98.0438,43.7755,274.32,False,10.91,135.0,0.0,,373.38,,False,0,-1
a0cee8,FDL51   ,United States,1738713389.0,1738713389,-73.403,40.7217,-30.48,False,25.47,313.36,-3.9,,15.24,,False,0,-1
84b83e,ANA602  ,Japan,1738713401.0,1738713401,135.1871,33.0959,11269.98,False,311.21,74.17,-0.65,,11102.34,3455.0,False,0,-1
040240,ETH501  ,Ethiopia,1738713407.0,1738713407,22.8241,34.9753,11887.2,False,292.08,125.54,0.0,,12024.36,,False,0,-1
c04b41,GLR2750 ,Canada,1738713332.0,1738713332,-123.1678,49.1877,,True,9.77,84.38,,,,,False,0,-1
3c7a41,CFG6LT  ,Germany,1738713406.0,1738713407,48.3524,30.0152,11277.6,False,295.51,138.32,0.33,,11544.3,,False,0,-1
a1f5ff,UAL58   ,United States,1738713407.0,1738713407,-106.2932,49.5345,10058.4,False,284.97,60.47,0.0,,9906.0,,False,0,-1
adc26e,N986LF  ,United States,1738713346.0,1738713346,-81.4783,28.4247,60.96,False,19.88,10.44,-1.3,,137.16,,False,0,-1
7cf4b0,        ,Australia,1738713362.0,1738713362,151.1768,-33.9275,,True,10.8,185.62,,,,,False,0,-1
a31bc3,N3MR    ,United States,1738713407.0,1738713408,-116.3769,35.2619,11361.42,False,295.48,50.16,7.48,,11734.8,7343.0,False,0,-1
aba7d9,FDX48   ,United States,1738713183.0,1738713183,-66.0189,43.6124,11277.6,False,294.49,63.66,0.0,,10919.46,1563.0,False,0,-1
86d288,ANA862  ,Japan,1738713407.0,1738713408,138.3587,34.7155,8511.54,False,300.95,90.0,-15.93,,8115.3,7130.0,False,0,-1
a93393,EJA692  ,United States,1738713389.0,1738713405,-77.4397,38.9449,,True,12.35,180.0,,,,,False,0,-1
a2659a,UAL989  ,United States,1738713402.0,1738713407,-62.3099,44.7993,10668.0,False,295.86,65.66,-0.33,,10210.8,2170.0,False,0,-1
a4ee36,AWI6020 ,United States,1738713384.0,1738713384,-87.9154,41.9704,,True,9.77,270.0,,,,,False,0,-1
71c285,KAL8257 ,Republic of Korea,1738713408.0,1738713408,134.3953,36.2489,10066.02,False,301.62,93.81,-0.33,,9570.72,7123.0,False,0,-1
a8758b,QXE2161 ,United States,1738713405.0,1738713405,-122.5987,45.5863,,True,11.83,109.69,,,,,False,0,-1
a3373a,AAL1006 ,United States,1738713405.0,1738713405,-104.6879,38.8153,,True,9.77,0.0,,,,,False,0,-1
a0c42c,AAL3159 ,United States,1738713408.0,1738713408,-114.6482,36.1293,10050.78,False,296.96,103.63,0.65,,10279.38,2440.0,False,0,-1
3c818f,FM3     ,Germany,1738713099.0,1738713100,12.2348,51.4099,,True,2.83,357.19,,,,,False,0,-1
4cae31,EIN11P  ,Ireland,1738713345.0,1738713352,-57.2778,45.4203,10668.0,False,291.2,71.89,-0.33,,10264.14,3634.0,False,0,-1
a754b5,UAL427  ,United States,1738713407.0,1738713407,-82.3885,41.9262,11887.2,False,293.28,91.01,0.0,,11864.34,2556.0,False,0,-1
ab3214,AAL2354 ,United States,1738713408.0,1738713408,-110.6468,37.5249,11277.6,False,285.25,104.84,0.0,,11567.16,7015.0,True,0,-1
aad5ca,AAL70   ,United States,1738713407.0,1738713407,-76.1028,43.6084,10668.0,False,280.77,59.86,0.0,,10431.78,3666.0,False,0,-1
407e8e,JCO65M  ,United Kingdom,1738712382.0,1738713095,46.3708,41.0392,12496.8,False,280.83,96.84,2.28,,12367.26,7501.0,False,0,-1
adf068,AAL777  ,United States,1738713406.0,1738713406,-108.0092,35.4046,10668.0,False,284.51,96.02,0.65,,11003.28,1351.0,True,0,-1
aa4089,N76PW   ,United States,1738713408.0,1738713408,-118.1409,34.6762,12496.8,False,308.06,124.25,0.33,,12900.66,1762.0,False,0,-1
486072,KLM282  ,Kingdom of the Netherlands,1738713408.0,1738713408,-104.9431,47.2023,11879.58,False,286.84,59.62,-0.33,,11795.76,,False,0,-1
ad7828,SWA3484 ,United States,1738713407.0,1738713407,-77.1025,41.0822,9220.2,False,290.44,100.0,-17.88,,9227.82,3041.0,False,0,-1
a9cecf,AAL50   ,United States,1738713408.0,1738713408,-86.0669,39.4915,10058.4,False,280.74,62.26,0.0,,10264.14,6702.0,False,0,-1
7448a4,RJA650  ,Jordan,1738713123.0,1738713123,49.5515,26.7142,10058.4,False,280.79,108.37,0.0,,10408.92,,False,0,-1
7cf5e6,,Australia,1738713379.0,1738713379,115.9614,-31.9319,,True,2.83,210.94,,,,,False,0,-1
7c3e82,MMS     ,Australia,1738713179.0,1738713179,152.9707,-27.0656,129.54,False,27.54,122.8,-3.25,,182.88,,False,0,-1
406b48,VIR354  ,United Kingdom,1738713362.0,1738713403,50.6651,27.2757,11879.58,False,294.24,140.6,-0.33,,12260.58,,False,0,-1
406b13,TOM034  ,United Kingdom,1738713407.0,1738713407,28.043,35.3351,11879.58,False,290.68,134.21,-0.65,,12001.5,5074.0,False,0,-1
a44964,UAL1164 ,United States,1738713407.0,1738713408,-79.999,39.6119,10058.4,False,281.82,105.46,-12.68,,10195.56,7447.0,False,0,-1
a9614d,SKW3811 ,United States,1738713407.0,1738713407,-84.441,33.6478,,True,14.4,270.0,,,,3050.0,False,0,-1
862d72,JAL900  ,Japan,1738713405.0,1738713406,136.9217,32.966,10058.4,False,304.25,53.6,-0.65,,9784.08,435.0,False,0,-1
8681aa,,Japan,1738713287.0,1738713396,135.7995,32.2842,11277.6,False,298.89,48.63,-0.33,,11132.82,2052.0,False,0,-1
c03bf7,WJA574  ,Canada,1738713237.0,1738713237,-88.1545,48.627,10668.0,False,302.14,107.54,0.0,,10317.48,,False,0,-1
84b7e5,APJ311  ,Japan,1738713357.0,1738713357,140.3907,35.7578,,True,11.32,59.06,,,,1726.0,False,0,-1
ab1d5e,EJA815  ,United States,1738713407.0,1738713408,-88.1446,41.2909,12496.8,False,292.74,103.21,0.0,,12603.48,2634.0,False,0,-1
846954,ANA662  ,Japan,1738713408.0,1738713408,133.7664,33.834,10660.38,False,298.56,74.41,-0.33,,10401.3,,False,0,-1
7cf63e,00000000,Australia,1738713396.0,1738713396,115.9714,-31.9327,,True,2.57,210.94,,,,,False,0,-1
7cf63f,,Australia,,1738713320,,,,False,2.31,61.88,,,,,False,0,-1
39cf0b,AFR631  ,France,1738713408.0,1738713408,-84.0454,48.563,12496.8,False,281.95,61.8,0.0,,12062.46,,False,0,-1
7cf62d,,Australia,1738713314.0,1738713314,115.9721,-31.9343,,True,11.32,239.06,,,,,False,0,-1
3c4594,BOX635  ,Germany,1738713408.0,1738713408,139.3682,36.224,9456.42,False,292.95,59.97,-0.33,,8976.36,6142.0,False,0,-1
7c806e,QFA3    ,Australia,1738713408.0,1738713408,151.1797,-33.9485,,True,10.29,154.69,,,,,False,0,-1
7c806d,QFA9    ,Australia,1738712739.0,1738713407,45.9752,41.9309,11742.42,False,566.88,338.04,-46.49,,11452.86,1561.0,False,0,-1
7cf69a,WORKS62 ,Australia,1738713118.0,1738713143,144.8542,-37.6805,,True,2.31,59.06,,,,,False,0,-1
a448d6,UAL8251 ,United States,1738713408.0,1738713408,-94.6298,42.2095,11277.6,False,283.69,84.59,0.65,,11422.38,6306.0,False,0,-1
a9d6d5,N733GQ  ,United States,1738713384.0,1738713386,-151.057,60.4749,-83.82,False,26.24,90.0,-1.3,,60.96,,False,0,-1
a34b37,N311H   ,United States,1738713255.0,1738713255,-111.6656,40.1409,,True,2.83,188.44,,,,,False,0,-1
71bd60,JNA201  ,Republic of Korea,1738713407.0,1738713407,135.197,36.3584,10066.02,False,283.1,78.36,0.0,,9532.62,4167.0,False,0,-1
a8ec57,UAL52   ,United States,1738713407.0,1738713407,-67.3707,42.1017,10668.0,False,289.3,70.47,-0.33,,10378.44,6241.0,False,0,-1
4cabd4,EIN1TC  ,Ireland,1738713393.0,1738713396,-59.0801,44.9846,10668.0,False,292.55,70.48,0.0,,10279.38,3051.0,False,0,-1
abaa43,SWA3150 ,United States,1738713407.0,1738713407,-112.4925,36.5674,10469.88,False,297.76,66.8,7.8,,10637.52,4536.0,False,0,-1
407f6e,ABV4FS  ,United Kingdom,1738713316.0,1738713316,2.535,49.025,,True,12.35,247.5,,,,6302.0,False,0,-1
7c80f8,RXA5717 ,Australia,1738712901.0,1738713205,153.1218,-27.3568,45.72,False,13.38,208.12,,,60.96,,False,0,-1
a5a725,KAP419  ,United States,1738713222.0,1738713222,-72.3086,43.623,,True,2.57,81.56,,,,,False,0,-1
a23dd8,N2432X  ,United States,1738713204.0,1738713204,-84.416,39.0997,30.48,False,11.56,20.85,0.0,,106.68,1507.0,False,0,-1
a7d2f7,LXJ603  ,United States,1738713408.0,1738713408,-80.152,43.9291,13716.0,False,289.49,102.21,0.0,,13594.08,543.0,False,0,-1
aaeaba,EJA802  ,United States,1738713408.0,1738713408,-83.3719,41.7237,12496.8,False,295.13,127.85,-0.33,,12527.28,3634.0,False,0,-1
a1bd6a,MXY527  ,United States,1738713408.0,1738713408,-74.5947,42.643,7094.22,False,286.45,99.61,-8.45,,6926.58,6261.0,False,0,-1
a231fe,EJM240  ,United States,1738713408.0,1738713408,-93.6348,42.7653,12496.8,False,308.07,85.5,-0.33,,12603.48,4160.0,False,0,-1
a2ca5f,UAL1635 ,United States,1738713407.0,1738713407,-92.0393,40.0848,12489.18,False,291.74,96.89,0.0,,12740.64,4573.0,False,0,-1
a2ca5d,UAL915  ,United States,1738713408.0,1738713408,-69.3584,41.4135,11879.58,False,299.01,65.29,-0.33,,11750.04,503.0,False,0,-1
abc2e5,RPA4513 ,United States,1738713407.0,1738713407,-77.7675,41.1666,8176.26,False,288.99,102.23,-7.15,,8161.02,4121.0,False,0,-1
86d2cc,ANA242  ,Japan,1738713407.0,1738713407,132.5129,33.6674,10363.2,False,320.66,76.08,1.63,,10096.5,,False,0,-1
ada227,JBU1216 ,United States,1738713408.0,1738713408,-92.328,42.5172,11277.6,False,282.49,88.85,0.0,,11399.52,3466.0,False,0,-1
a4e7fb,PXT415  ,United States,1738713407.0,1738713408,-122.2315,37.7143,,True,2.31,348.75,,,,2463.0,False,0,-1
a84dd1,JIA5593 ,United States,1738713407.0,1738713408,-82.3473,41.459,11277.6,False,292.68,125.7,0.33,,11330.94,5714.0,False,0,-1
a89d22,RPA3458 ,United States,1738713407.0,1738713407,-77.4938,41.4447,9875.52,False,295.92,100.82,-13.0,,9867.9,6762.0,False,0,-1
a4bae9,N40353  ,United States,1738713321.0,1738713321,-122.7737,47.4765,274.32,False,25.97,303.69,-1.63,,236.22,,False,0,-1
a11f59,UAL1700 ,United States,1738713408.0,1738713408,-106.5496,37.1618,11277.6,False,281.13,72.1,0.33,,11605.26,253.0,False,0,-1
7c3fdf,FD269   ,Australia,1738713132.0,1738713132,138.5266,-34.9481,,True,12.35,216.56,,,,4046.0,False,0,-1
71c595,EOK352  ,Republic of Korea,1738713404.0,1738713404,134.294,36.2204,10668.0,False,285.49,82.34,-0.33,,10226.04,4315.0,False,0,-1
a578d3,N45143  ,United States,1738713407.0,1738713407,-118.2978,33.8611,457.2,False,23.04,119.43,-0.98,,434.34,1200.0,False,0,-1
789231,CPA826  ,China,1738713405.0,1738713405,-83.8929,47.2762,12496.8,False,303.88,142.08,0.0,,12153.9,,False,0,-1
86e82a,JAL97   ,Japan,1738713236.0,1738713237,139.7778,35.5423,,True,9.26,157.5,,,,3244.0,False,0,-1
010153,MSR958  ,Egypt,1738713407.0,1738713407,49.1077,27.0881,10668.0,False,301.35,92.94,0.0,,11018.52,,False,0,-1
a24267,N24483  ,United States,1738713235.0,1738713235,-112.3731,33.4257,,True,13.89,213.75,,,,,False,0,-1
710121,SVA036  ,Saudi Arabia,1738713407.0,1738713407,-72.6071,40.1855,9448.8,False,292.96,75.77,0.0,,9418.32,5523.0,False,0,-1
aaad6d,,United States,1738713370.0,1738713370,-87.8989,42.9352,,True,9.26,182.81,,,,,False,0,-1
86d594,ANA642  ,Japan,1738713407.0,1738713407,136.8515,34.5125,11894.82,False,325.27,74.4,-1.3,,11620.5,3445.0,False,0,-1
39d2ae,AFR292  ,France,1738713406.0,1738713406,117.5445,39.247,12534.9,False,323.62,114.81,-0.33,,12039.6,,False,0,-1
a8c88f,UAL956  ,United States,1738713407.0,1738713407,-64.001,43.3529,10668.0,False,291.36,71.79,0.0,,10264.14,3037.0,False,0,-1
39d2a3,AFR264  ,France,1738713408.0,1738713408,114.578,40.4812,12534.9,False,311.28,93.41,-0.65,,12039.6,,False,0,-1
c053c8,ASP609  ,Canada,1738713337.0,1738713337,-123.1877,49.2015,,True,13.38,281.25,,,,2034.0,False,0,-1
a7a89d,ASA836  ,United States,1738713394.0,1738713394,-122.599,45.5961,,True,10.29,118.12,,,,,False,0,-1
c053f6,ACA306  ,Canada,1738713408.0,1738713408,-82.2551,47.5531,11887.2,False,306.7,104.57,0.0,,11498.58,,False,0,-1
862338,ANA620  ,Japan,1738713406.0,1738713407,136.0984,33.2952,12496.8,False,307.94,75.69,0.0,,12382.5,3364.0,False,0,-1
78927f,HKE192  ,China,1738713356.0,1738713356,113.899,22.3099,,True,2.83,323.44,,,,,False,0,-1
a00312,N10HH   ,United States,1738713407.0,1738713407,-105.7997,35.5503,12496.8,False,306.42,84.61,0.33,,12915.9,2561.0,False,0,-1
45ce47,SRR6977 ,Denmark,1738713406.0,1738713406,7.1444,50.8664,,True,9.26,244.69,,,,2232.0,False,0,-1
c0193b,ROU1677 ,Canada,1738713320.0,1738713354,-79.6149,43.6745,45.72,True,10.29,317.81,,,,5640.0,False,0,-1
a2da6d,N283PH  ,United States,1738713404.0,1738713407,-100.4208,40.127,12496.8,False,288.35,75.64,-0.33,,12763.5,7207.0,False,0,-1
abc29a,DAL106  ,United States,1738713407.0,1738713407,-67.2096,41.7454,11277.6,False,299.08,76.37,0.0,,11079.48,1652.0,False,0,-1
a9111c,N68329  ,United States,1738713407.0,1738713407,-75.3555,40.6086,457.2,False,27.16,322.7,-1.95,,464.82,,False,0,-1
a13687,N1777M  ,United States,1738713407.0,1738713407,-71.285,41.7108,10949.94,False,311.93,79.93,3.25,,10744.2,2745.0,False,0,-1
a36f68,N320ME  ,United States,1738713408.0,1738713408,-112.4976,33.2285,1280.16,False,27.57,188.58,0.33,,1280.16,,False,0,-1
7c1abd,UTY3870 ,Australia,1738713400.0,1738713400,115.9612,-31.9454,,True,9.26,194.06,,,,,False,0,-1
c006d2,CJT301  ,Canada,1738713385.0,1738713385,-123.1735,49.1883,,True,11.32,101.25,,,,1735.0,False,0,-1
a660c4,N51TE   ,United States,1738713407.0,1738713407,-119.2597,37.3255,10416.54,False,289.64,65.67,2.28,,10523.22,3645.0,False,0,-1
a8c948,N6651A  ,United States,1738713402.0,1738713404,-83.8722,39.4895,335.28,False,27.63,28.95,-4.55,,426.72,1356.0,False,0,-1
300279,SIO551  ,Italy,1738713405.0,1738713408,-66.7756,43.6391,12504.42,False,292.46,65.91,-0.33,,12237.72,3423.0,False,0,-1
ae486d,R20191  ,United States,1738713355.0,1738713381,-78.9399,35.1319,38.1,False,10.8,270.0,-1.3,,60.96,7033.0,False,0,-1
abd59a,SWA2022 ,United States,1738713407.0,1738713407,-110.9005,37.266,11277.6,False,283.14,70.25,-0.98,,11582.4,220.0,False,0,-1
7808ea,CES726  ,China,1738713334.0,1738713334,113.9074,22.3112,,True,9.26,250.31,,,,,False,0,-1
a2b8b8,UAL950  ,United States,1738713408.0,1738713408,-69.4128,41.897,10668.0,False,288.13,54.15,0.0,,10439.4,1320.0,False,0,-1
abe80e,SWA1675 ,United States,1738713408.0,1738713408,-79.6343,42.2428,10668.0,False,282.72,84.47,0.0,,10607.04,1426.0,False,0,-1
a9d64c,N733BC  ,United States,1738713382.0,1738713394,-88.1133,44.4927,45.72,False,16.34,241.82,0.0,,182.88,,False,0,-1
ac3ba2,N888AW  ,United States,1738713378.0,1738713392,-105.1712,40.1681,1524.0,False,25.25,123.37,-0.33,,1524.0,,False,0,-1
a28b91,EJA263  ,United States,1738713408.0,1738713408,-78.3472,41.2431,10957.56,False,293.43,100.4,-15.28,,10942.32,3651.0,False,0,-1
a2e28f,SWA4931 ,United States,1738713321.0,1738713327,-115.1455,36.0817,,True,0.39,171.56,,,,,False,0,-1
704458,MMA3307 ,Myanmar,1738713099.0,1738713099,96.4802,19.6091,7414.26,False,21.1,45.0,-0.33,,5227.32,3416.0,False,0,-1
