icao24,callsign,origin_country,time_position,last_contact,longitude,latitude,baro_altitude,on_ground,velocity,true_track,vertical_rate,sensors,geo_altitude,squawk,spi,position_source,timestamp,anomaly
aa56d4,UAL2071 ,United States,1739497724.0,1739497724,-83.7701,38.2177,11887.2,False,301.83,87.17,0.0,,11925.3,7730.0,False,0,2025-02-13 20:48:50,-1
a52bd9,N432PH  ,United States,1739497718.0,1739497718,-96.9144,32.451,137.16,False,23.75,4.97,-1.3,,259.08,,False,0,2025-02-13 20:48:50,-1
a3f2c6,N3533U  ,United States,1739497723.0,1739497723,-88.256,41.7723,548.64,False,29.86,268.03,-0.65,,647.7,,False,0,2025-02-13 20:48:50,-1
80161e,AKJ117C ,India,1739497689.0,1739497696,72.8575,19.0887,,True,24.18,278.44,,,,1470.0,False,0,2025-02-13 20:48:50,-1
ae6304,LTHL289 ,United States,1739497724.0,1739497724,-97.8087,27.5127,,True,14.92,357.19,,,,,False,0,2025-02-13 20:48:50,-1
aae377,SKW4033 ,United States,1739497703.0,1739497703,-84.4299,33.6418,,True,0.39,87.19,,,,6501.0,False,0,2025-02-13 20:48:50,-1
708022,LAO441  ,Lao People's Democratic Republic,1739497553.0,1739497553,100.756,13.6751,,True,11.32,225.0,,,,,False,0,2025-02-13 20:48:50,-1
ab649a,DAL272  ,United States,1739497724.0,1739497724,-71.7083,40.8684,8229.6,False,317.85,74.03,0.33,,8267.7,2733.0,False,0,2025-02-13 20:48:50,-1
4b1881,SWR23A  ,Switzerland,1739497724.0,1739497724,-68.6568,41.9107,11277.6,False,322.38,58.97,0.0,,11391.9,2723.0,False,0,2025-02-13 20:48:50,-1
a88d05,N650D   ,United States,1739497723.0,1739497723,-99.7031,39.9169,13716.0,False,296.92,67.7,0.0,,13662.66,2200.0,False,0,2025-02-13 20:48:50,-1
ad67ae,DAL1348 ,United States,1739497723.0,1739497723,-84.4416,33.6323,,True,13.38,295.31,,,,6201.0,False,0,2025-02-13 20:48:50,-1
86d5fa,ANA1076 ,Japan,1739497723.0,1739497723,134.8627,34.1964,11887.2,False,333.87,78.08,-0.65,,12184.38,2402.0,False,0,2025-02-13 20:48:50,-1
ac2dea,AAL2513 ,United States,1739497487.0,1739497487,-73.8738,40.7752,,True,0.32,14.06,,,,673.0,False,0,2025-02-13 20:48:50,-1
a64d15,N505FW  ,United States,1739497414.0,1739497657,-97.3625,32.6348,281.94,False,28.31,267.92,0.98,,403.86,,False,0,2025-02-13 20:48:50,-1
ac1ad7,SWA1543 ,United States,1739497721.0,1739497721,-84.4259,33.6366,,True,12.86,90.0,,,,,False,0,2025-02-13 20:48:50,-1
8014d3,IGO1061 ,India,1739497688.0,1739497719,97.9882,14.6607,5775.96,False,11.84,145.62,-9.43,,4815.84,,False,0,2025-02-13 20:48:50,-1
aae273,N800G   ,United States,1739497724.0,1739497724,-85.2152,34.1368,10393.68,False,309.27,72.08,-4.88,,10683.24,2536.0,False,0,2025-02-13 20:48:50,-1
408062,VIR118  ,United Kingdom,1739497723.0,1739497723,-66.9071,43.1858,11887.2,False,324.87,62.87,0.0,,11955.78,4710.0,False,0,2025-02-13 20:48:50,-1
a59601,UAL8180 ,United States,1739497723.0,1739497723,-100.1724,41.9047,12496.8,False,293.16,94.63,-0.33,,12390.12,1772.0,False,0,2025-02-13 20:48:50,-1
3c6706,DLH429  ,Germany,1739497566.0,1739497566,-66.7943,43.6525,12496.8,False,324.54,59.94,0.0,,12527.28,2547.0,False,0,2025-02-13 20:48:50,-1
7cf9b4,GLET21  ,Australia,1739497723.0,1739497723,151.3318,-33.8433,114.3,False,29.36,273.01,-1.3,,83.82,2064.0,False,0,2025-02-13 20:48:50,-1
ab5d03,KSU31   ,United States,1739497724.0,1739497724,-97.6461,38.817,320.04,False,28.31,177.92,-1.63,,419.1,,False,0,2025-02-13 20:48:50,-1
aadd36,N8AL    ,United States,1739497724.0,1739497724,-87.7357,39.7999,12496.8,False,308.18,53.9,0.33,,12405.36,5603.0,False,0,2025-02-13 20:48:50,-1
c02eca,ACA116  ,Canada,1739497703.0,1739497703,-79.6179,43.6796,,True,0.45,109.69,,,,2657.0,False,0,2025-02-13 20:48:50,-1
a40cdf,LXJ360  ,United States,1739497723.0,1739497723,-122.2123,37.7273,,True,20.06,278.44,,,,1462.0,False,0,2025-02-13 20:48:50,-1
aa44d0,UAL40   ,United States,1739497724.0,1739497724,-72.2659,41.6749,7696.2,False,327.48,73.39,9.1,,7597.14,1722.0,False,0,2025-02-13 20:48:50,-1
aa57df,AAL36   ,United States,1739497724.0,1739497724,-74.6472,41.0607,11277.6,False,333.37,63.71,0.0,,11262.36,2247.0,False,0,2025-02-13 20:48:50,-1
abfd39,SWA3308 ,United States,1739497724.0,1739497724,-75.2031,39.602,11887.2,False,311.51,43.39,-1.3,,12001.5,1757.0,False,0,2025-02-13 20:48:50,-1
3c4b2b,DLH455  ,Germany,1739497610.0,1739497610,-103.5881,47.4398,10668.0,False,293.36,61.05,0.0,,10378.44,,False,0,2025-02-13 20:48:50,-1
4cc27f,ICE630  ,Iceland,1739497723.0,1739497723,-65.3291,46.4829,10668.0,False,301.74,39.74,0.0,,10515.6,3443.0,False,0,2025-02-13 20:48:50,-1
3c6571,DLH441  ,Germany,1739497724.0,1739497724,-68.3005,42.3707,10668.0,False,320.52,50.54,0.0,,10751.82,6603.0,False,0,2025-02-13 20:48:50,-1
acc23f,DAL3065 ,United States,1739497722.0,1739497722,-84.4071,33.6456,,True,10.29,81.56,,,,,False,0,2025-02-13 20:48:50,-1
846a34,JJP612  ,Japan,1739497722.0,1739497722,135.9285,33.5693,11277.6,False,323.98,79.39,0.0,,11567.16,1741.0,False,0,2025-02-13 20:48:50,-1
abb59e,ASH6187 ,United States,1739497723.0,1739497724,-79.6761,38.4619,8221.98,False,299.08,75.56,0.98,,8275.32,6747.0,False,0,2025-02-13 20:48:50,-1
4aca63,SAS984  ,Sweden,1739497717.0,1739497720,143.1416,36.3204,9502.14,False,314.08,65.83,3.25,,9349.74,3115.0,False,0,2025-02-13 20:48:50,-1
7c7f48,ZFE     ,Australia,1739497724.0,1739497724,115.5098,-32.0059,129.54,False,30.37,88.06,-3.25,,152.4,1200.0,False,0,2025-02-13 20:48:50,-1
847114,FDA304  ,Japan,1739497724.0,1739497724,132.6288,33.606,9852.66,False,294.17,81.15,5.2,,10066.02,,False,0,2025-02-13 20:48:50,-1
a2d56f,CNS2041 ,United States,1739497723.0,1739497723,-71.0069,42.3579,,True,11.83,278.44,,,,,False,0,2025-02-13 20:48:50,-1
769103,SIA7436 ,Singapore,1739497723.0,1739497724,-93.4864,45.2139,10668.0,False,295.24,130.41,0.0,,10256.52,6213.0,False,0,2025-02-13 20:48:50,-1
3c4ad9,DLH419  ,Germany,1739497723.0,1739497723,-59.9889,45.5133,10820.4,False,308.98,67.28,4.23,,10866.12,6537.0,False,0,2025-02-13 20:48:50,-1
3c64f0,DLH471  ,Germany,1739497723.0,1739497723,-69.535,46.3448,10668.0,False,311.7,71.92,0.0,,10355.58,2256.0,False,0,2025-02-13 20:48:50,-1
3c64f4,DLH439  ,Germany,1739497538.0,1739497538,-65.567,43.6841,10668.0,False,320.94,63.43,0.0,,10736.58,6627.0,False,0,2025-02-13 20:48:50,-1
a64205,N502GS  ,United States,1739497723.0,1739497723,-114.9003,34.7753,10058.4,False,293.84,91.4,0.0,,10119.36,2067.0,False,0,2025-02-13 20:48:50,-1
acd552,JSX402  ,United States,1739497710.0,1739497710,-118.3553,34.1977,,True,10.8,75.94,,,,775.0,False,0,2025-02-13 20:48:50,-1
c021f6,WJA399  ,Canada,1739497705.0,1739497709,-114.0104,51.1304,1127.76,False,492.55,56.68,0.0,,1074.42,,False,0,2025-02-13 20:48:50,-1
a15de5,GLH3    ,United States,1739497724.0,1739497724,-103.4781,31.5967,13716.0,False,302.58,95.95,0.33,,14005.56,6375.0,False,0,2025-02-13 20:48:50,-1
c08497,ACA555  ,Canada,1739497711.0,1739497711,-123.1903,49.2018,,True,12.35,98.44,,,,3670.0,False,0,2025-02-13 20:48:50,-1
344502,IBE0342 ,Spain,1739497724.0,1739497724,-66.7791,44.9419,10668.0,False,319.61,81.86,0.0,,10599.42,1341.0,False,0,2025-02-13 20:48:50,-1
aa9eef,SKW5423 ,United States,1739497723.0,1739497723,-118.3834,33.9405,,True,0.45,84.38,,,,,False,0,2025-02-13 20:48:50,-1
73806d,ELY314  ,Israel,1739497712.0,1739497712,34.882,32.0063,,True,29.84,120.94,,,,5250.0,False,0,2025-02-13 20:48:50,-1
702087,BBC338  ,Bangladesh,1739497724.0,1739497724,86.7991,25.0735,12489.18,False,305.04,108.89,-0.33,,12931.14,5234.0,False,0,2025-02-13 20:48:50,-1
3c4a05,DLH469  ,Germany,1739497723.0,1739497723,-60.3754,45.3991,11277.6,False,321.81,67.04,-0.33,,11361.42,7243.0,False,0,2025-02-13 20:48:50,-1
ac7aa9,DAL787  ,United States,1739497722.0,1739497722,-84.4411,33.6479,,True,10.8,270.0,,,,1504.0,False,0,2025-02-13 20:48:50,-1
7c6d7b,JST953  ,Australia,1739497722.0,1739497724,151.1908,-33.9668,,True,10.29,348.75,,,,1165.0,False,0,2025-02-13 20:48:50,-1
c04671,ROU1619 ,Canada,1739497724.0,1739497724,-77.5572,42.0598,9456.42,False,295.18,29.78,0.65,,9227.82,2366.0,False,0,2025-02-13 20:48:50,-1
abb245,SWA1577 ,United States,1739497723.0,1739497723,-83.9631,36.9827,12496.8,False,299.01,69.66,0.0,,12633.96,1503.0,False,0,2025-02-13 20:48:50,-1
accb65,EDV4961 ,United States,1739497723.0,1739497723,-77.7747,36.7798,10668.0,False,297.28,43.67,-0.33,,10934.7,7337.0,False,0,2025-02-13 20:48:50,-1
a15b05,DAL991  ,United States,1739497724.0,1739497724,-86.0811,42.4845,10668.0,False,295.88,91.3,0.0,,10325.1,6032.0,False,0,2025-02-13 20:48:50,-1
ac828f,PDT5745 ,United States,1739497724.0,1739497724,-77.1461,38.4841,8404.86,False,309.71,67.95,-10.08,,8481.06,6714.0,False,0,2025-02-13 20:48:50,-1
495149,TAP1478 ,Portugal,1739497578.0,1739497578,-9.1395,38.7673,,True,0.32,78.75,,,,7744.0,False,0,2025-02-13 20:48:50,-1
4006c1,BAW63H  ,United Kingdom,1739497723.0,1739497724,-74.3843,37.9167,11277.6,False,311.82,43.73,0.0,,11536.68,3024.0,False,0,2025-02-13 20:48:50,-1
c81b43,ZKGYF   ,New Zealand,1739497723.0,1739497723,176.0979,-38.6288,1653.54,False,27.17,198.78,-1.3,,1798.32,,False,0,2025-02-13 20:48:50,-1
781b7d,CQH8791 ,China,1739497722.0,1739497724,134.2617,36.1234,10660.38,False,306.42,58.52,0.0,,10736.58,4441.0,False,0,2025-02-13 20:48:50,-1
75855b,PAL126  ,Philippines,1739497723.0,1739497723,-87.424,45.3251,12496.8,False,300.27,115.69,0.0,,12016.74,2464.0,False,0,2025-02-13 20:48:50,-1
c0817c,WJA2293 ,Canada,1739497716.0,1739497722,-79.6188,43.6606,91.44,True,12.86,233.44,,,,5750.0,False,0,2025-02-13 20:48:50,-1
151e71,RWZ3049 ,Russian Federation,1739497724.0,1739497724,79.2207,28.4608,10668.0,False,293.98,131.95,0.0,,10995.66,,False,0,2025-02-13 20:48:50,-1
3c6506,DLH797  ,Germany,1739497421.0,1739497723,38.8649,41.6221,11582.4,False,23.67,227.64,0.0,,11330.94,3264.0,False,0,2025-02-13 20:48:50,-1
a2d27c,JBU250  ,United States,1739497710.0,1739497710,-81.1161,37.5507,11277.6,False,300.38,77.94,0.0,,11422.38,735.0,False,0,2025-02-13 20:48:50,-1
151dc7,AFL620  ,Russian Federation,1739497722.0,1739497722,76.6524,30.7213,11277.6,False,299.21,112.33,0.0,,11544.3,,False,0,2025-02-13 20:48:50,-1
896173,UAE244  ,United Arab Emirates,1739497717.0,1739497717,47.0268,26.9749,11887.2,False,307.13,84.23,0.0,,12313.92,,False,0,2025-02-13 20:48:50,-1
aa9bb8,AAL100  ,United States,1739497723.0,1739497723,-60.6837,46.9184,11887.2,False,316.82,62.85,0.0,,11849.1,2277.0,False,0,2025-02-13 20:48:50,-1
a8e279,DAL624  ,United States,1739497724.0,1739497724,-80.5107,34.9742,11887.2,False,297.71,63.52,0.33,,12222.48,2447.0,False,0,2025-02-13 20:48:50,-1
84118c,JAL43   ,Japan,1739497724.0,1739497724,142.4979,35.9565,9105.9,False,292.98,50.27,3.25,,8976.36,6127.0,False,0,2025-02-13 20:48:50,-1
aaf570,N805LF  ,United States,1739497473.0,1739497474,-111.6372,33.3528,426.72,False,15.27,147.38,-1.3,,434.34,1200.0,False,0,2025-02-13 20:48:50,-1
151e19,PBD570  ,Russian Federation,1739497090.0,1739497698,49.5488,59.2757,10965.18,False,24.98,302.38,0.0,,10005.06,5556.0,False,0,2025-02-13 20:48:50,-1
a05629,UAL994  ,United States,1739497724.0,1739497724,-63.7644,44.8786,10668.0,False,330.76,61.68,0.0,,10721.34,4021.0,False,0,2025-02-13 20:48:50,-1
151e1c,PBD6542 ,Russian Federation,1739493843.0,1739497550,60.0326,57.1724,11582.4,False,9.83,317.12,9.43,,,5521.0,False,0,2025-02-13 20:48:50,-1
7020be,UBG362  ,Bangladesh,1739497723.0,1739497723,85.2134,23.0437,11277.6,False,302.05,91.27,0.0,,11818.62,4566.0,False,0,2025-02-13 20:48:50,-1
a5e44c,UAL745  ,United States,1739497432.0,1739497432,-122.308,47.4426,,True,28.81,180.0,,,,2176.0,False,0,2025-02-13 20:48:50,-1
ab2839,N818MT  ,United States,,1739497663,,,,False,30.32,345.26,-2.28,,,,False,0,2025-02-13 20:48:50,-1
a0566a,UAL972  ,United States,1739497721.0,1739497723,-71.2505,48.6617,10660.38,False,308.03,48.72,0.0,,10149.84,6517.0,False,0,2025-02-13 20:48:50,-1
4007f0,BAW2202 ,United Kingdom,1739497724.0,1739497724,-79.5541,35.5121,11277.6,False,301.7,39.12,0.0,,11605.26,6742.0,False,0,2025-02-13 20:48:50,-1
a7e93b,FFT3666 ,United States,1739497703.0,1739497703,-104.6849,39.8775,,True,13.38,180.0,,,,3376.0,False,0,2025-02-13 20:48:50,-1
78103f,CCA923  ,China,1739497723.0,1739497724,138.9839,34.1238,8839.2,False,318.75,70.48,0.0,,8930.64,4407.0,False,0,2025-02-13 20:48:50,-1
7380c1,ELY006  ,Israel,1739497724.0,1739497724,-80.4052,42.6332,10668.0,False,305.83,76.48,0.0,,10355.58,2323.0,False,0,2025-02-13 20:48:50,-1
a1638a,N189QS  ,United States,1739497724.0,1739497724,-69.1448,41.7194,13716.0,False,306.0,87.01,0.33,,13799.82,2263.0,False,0,2025-02-13 20:48:50,-1
aa8a83,AAL108  ,United States,1739497724.0,1739497724,-65.353,45.1249,10668.0,False,330.24,59.48,0.0,,10652.76,554.0,False,0,2025-02-13 20:48:50,-1
345619,GES271S ,Spain,1739497724.0,1739497724,-70.2537,42.5946,12496.8,False,334.37,66.71,0.0,,12504.42,3316.0,False,0,2025-02-13 20:48:50,-1
ab1fa7,AAL754  ,United States,1739497724.0,1739497724,-73.5612,40.1434,7002.78,False,298.24,54.34,-0.33,,7002.78,1051.0,False,0,2025-02-13 20:48:50,-1
4ca9cb,EIN1YL  ,Ireland,1739497642.0,1739497643,-57.458,45.3786,10058.4,False,294.13,71.76,0.33,,10149.84,3434.0,False,0,2025-02-13 20:48:50,-1
a09239,RPA4495 ,United States,1739497724.0,1739497724,-80.047,38.161,9448.8,False,317.06,65.76,-0.33,,9502.14,4037.0,False,0,2025-02-13 20:48:50,-1
c1e51d,SOU125  ,Canada,1739497607.0,1739497607,-73.7244,45.4738,,True,11.32,42.19,,,,,False,0,2025-02-13 20:48:50,-1
400610,BAW9E   ,United Kingdom,1739497557.0,1739497561,-58.785,46.62,11277.6,False,310.98,65.26,-0.33,,11315.7,2655.0,False,0,2025-02-13 20:48:50,-1
4ca8fb,NOS403  ,Ireland,1739497724.0,1739497724,-79.5875,34.4921,11269.98,False,296.28,30.35,-0.33,,11650.98,6135.0,False,0,2025-02-13 20:48:50,-1
c8280d,PLC1    ,New Zealand,1739497724.0,1739497724,174.7196,-36.8725,373.38,False,29.11,313.57,0.33,,480.06,2021.0,False,0,2025-02-13 20:48:50,-1
3c5b32,OCN13   ,Germany,1739497724.0,1739497724,-79.0609,34.7769,11277.6,False,294.94,42.46,0.33,,11650.98,7047.0,False,0,2025-02-13 20:48:50,-1
75875f,CEB5054 ,Philippines,1739497719.0,1739497723,136.5873,32.5414,11887.2,False,302.43,57.72,0.0,,12291.06,2723.0,False,0,2025-02-13 20:48:50,-1
a33eb6,SFE2    ,United States,1739497724.0,1739497724,-97.598,30.2899,76.2,False,16.46,90.0,0.0,,198.12,7676.0,False,0,2025-02-13 20:48:50,-1
840ad2,JA030N  ,Japan,1739497714.0,1739497716,137.3833,35.0347,1463.04,False,26.26,304.62,0.33,,1493.52,1460.0,False,0,2025-02-13 20:48:50,-1
84c43e,SFJ78   ,Japan,1739497724.0,1739497724,136.2708,34.6019,11292.84,False,313.9,79.52,-0.33,,11513.82,464.0,False,0,2025-02-13 20:48:50,-1
aae5f0,801DS   ,United States,1739497703.0,1739497703,-81.2785,29.0375,236.22,False,27.61,206.57,-1.63,,320.04,,False,0,2025-02-13 20:48:50,-1
7c146d,,Australia,1739497708.0,1739497708,134.698,-33.8708,11887.2,False,305.07,116.44,0.0,,12313.92,,False,0,2025-02-13 20:48:50,-1
ac754b,AAL2157 ,United States,1739497704.0,1739497704,-97.0319,32.9079,,True,10.29,180.0,,,,7405.0,False,0,2025-02-13 20:48:50,-1
a968df,DAL437  ,United States,1739497724.0,1739497724,-75.1,42.6641,11879.58,False,303.35,84.55,0.33,,11711.94,2504.0,False,0,2025-02-13 20:48:50,-1
acab3f,SWA2158 ,United States,1739497571.0,1739497571,-104.6636,39.865,,True,12.35,270.0,,,,3432.0,False,0,2025-02-13 20:48:50,-1
75876b,CEB892  ,Philippines,1739497700.0,1739497700,121.0152,14.5063,,True,22.12,59.06,,,,,False,0,2025-02-13 20:48:50,-1
ac006d,SWA8511 ,United States,1739497597.0,1739497597,-118.1465,33.8153,,True,11.32,315.0,,,,4744.0,False,0,2025-02-13 20:48:50,-1
a13acf,AMF2851 ,United States,1739497488.0,1739497488,-112.0188,33.4275,,True,10.29,208.12,,,,,False,0,2025-02-13 20:48:50,-1
c827f2,ZKIOD   ,New Zealand,1739497674.0,1739497674,170.3549,-45.8573,76.2,False,28.29,126.87,-9.43,,144.78,,False,0,2025-02-13 20:48:50,-1
7cc4a2,R8855   ,Australia,1739497722.0,1739497724,149.1945,-35.2996,617.22,False,27.78,0.0,-0.65,,579.12,,False,0,2025-02-13 20:48:50,-1
ac0ba7,UAL354J ,United States,1739497724.0,1739497724,-80.2022,40.3086,10668.0,False,298.42,89.01,0.33,,10538.46,3602.0,False,0,2025-02-13 20:48:50,-1
847517,NCA5134 ,Japan,1739497723.0,1739497723,-97.8486,45.8553,10668.0,False,310.1,136.88,0.0,,10325.1,4154.0,False,0,2025-02-13 20:48:50,-1
80087f,WILDLIF1,India,1739497722.0,1739497722,72.8592,19.0871,,True,12.35,75.94,,,,,False,0,2025-02-13 20:48:50,-1
4842c5,OH52    ,Kingdom of the Netherlands,1739497660.0,1739497660,4.7468,52.3132,,True,15.95,289.69,,,,,False,0,2025-02-13 20:48:50,-1
400771,BAW12TB ,United Kingdom,1739497724.0,1739497724,-78.6365,35.1577,11277.6,False,296.02,42.53,0.0,,11612.88,6634.0,False,0,2025-02-13 20:48:50,-1
a4ead9,N416EL  ,United States,1739497701.0,1739497718,-62.322,45.0173,12009.12,False,346.34,67.28,4.55,,12070.08,6633.0,False,0,2025-02-13 20:48:50,-1
896538,ETD1AR  ,United Arab Emirates,1739497424.0,1739497474,49.7411,26.5245,11879.58,False,296.82,111.45,0.0,,12344.4,,False,0,2025-02-13 20:48:50,-1
857b30,JA45KA  ,Japan,1739497724.0,1739497724,139.6216,35.8121,4061.46,False,29.34,267.99,0.0,,4023.36,1332.0,False,0,2025-02-13 20:48:50,-1
aace5c,AAL730  ,United States,1739497724.0,1739497724,-76.7932,38.1813,11277.6,False,313.11,29.64,0.0,,11475.72,6020.0,False,0,2025-02-13 20:48:50,-1
c1e4d0,PER21   ,Canada,1739497542.0,1739497544,-73.7263,45.4723,,True,16.46,39.38,,,,,False,0,2025-02-13 20:48:50,-1
a76683,UPS217  ,United States,1739497723.0,1739497723,-62.3517,49.356,11277.6,False,324.04,60.83,0.0,,11018.52,4672.0,False,0,2025-02-13 20:48:50,-1
40683e,VIR110  ,United Kingdom,1739497724.0,1739497724,-68.488,43.4843,11277.6,False,331.31,48.59,0.0,,11269.98,2303.0,False,0,2025-02-13 20:48:50,-1
ab436f,AAL120  ,United States,1739497723.0,1739497723,-70.3091,41.0451,8831.58,False,322.15,72.43,0.33,,8915.4,3075.0,False,0,2025-02-13 20:48:50,-1
c1e581,RED 1   ,Canada,1739497716.0,1739497716,-123.1468,49.1938,,True,18.01,73.12,,,,,False,0,2025-02-13 20:48:50,-1
c1e57e,,Canada,,1739497593,,,,False,12.35,39.38,,,,,False,0,2025-02-13 20:48:50,-1
aae6d5,DAL228  ,United States,1739497723.0,1739497723,-65.0395,46.9382,10668.0,False,318.11,88.05,0.0,,10530.84,7275.0,False,0,2025-02-13 20:48:50,-1
7c75e1,PY3032  ,Australia,1739497554.0,1739497723,115.9649,-31.938,-30.48,True,11.32,329.06,,,,4007.0,False,0,2025-02-13 20:48:50,-1
a2b2d2,N273NE  ,United States,1739497717.0,1739497723,-86.1436,39.7662,137.16,False,14.98,254.05,-1.3,,274.32,,False,0,2025-02-13 20:48:50,-1
ad3fde,DAL1181 ,United States,1739497724.0,1739497724,-80.0499,36.1706,10058.4,False,300.88,53.97,0.0,,10317.48,6007.0,False,0,2025-02-13 20:48:50,-1
aa2ba4,UAL1470 ,United States,1739497724.0,1739497724,-76.4916,38.8706,9883.14,False,313.99,38.15,-4.88,,9989.82,3622.0,False,0,2025-02-13 20:48:50,-1
ac0b50,SWA1643 ,United States,1739497420.0,1739497420,-82.5299,27.9742,,True,15.95,2.81,,,,2634.0,False,0,2025-02-13 20:48:50,-1
a64da4,N505MP  ,United States,1739497722.0,1739497724,-111.8264,33.3798,556.26,False,30.37,349.26,0.65,,571.5,1200.0,False,0,2025-02-13 20:48:50,-1
4077d4,VIR46K  ,United Kingdom,1739497724.0,1739497724,-62.8853,43.9465,11887.2,False,327.87,67.78,0.0,,12009.12,1545.0,False,0,2025-02-13 20:48:50,-1
4077c4,LNX12MO ,United Kingdom,1739497723.0,1739497724,-65.3066,45.766,12496.8,False,321.49,57.15,-0.33,,12473.94,3320.0,False,0,2025-02-13 20:48:50,-1
a8e4e9,UAL14   ,United States,1739497723.0,1739497723,-59.6768,45.6045,10668.0,False,297.59,67.65,0.0,,10721.34,1527.0,False,0,2025-02-13 20:48:50,-1
a9410c,N696AM  ,United States,1739497428.0,1739497428,-87.2301,30.4667,0.0,False,9.46,337.62,-1.63,,91.44,,False,0,2025-02-13 20:48:50,-1
ac98ac,SWA3110 ,United States,1739497723.0,1739497723,-97.675,30.1989,,True,10.29,87.19,,,,2475.0,False,0,2025-02-13 20:48:50,-1
406590,BAW16   ,United Kingdom,1739496925.0,1739497720,33.7777,44.2348,11582.4,False,27.44,149.59,7.15,,10020.3,4043.0,False,0,2025-02-13 20:48:50,-1
a76f67,UAL564  ,United States,1739497530.0,1739497530,-118.3992,33.9419,,True,0.32,264.38,,,,614.0,False,0,2025-02-13 20:48:50,-1
496c25,FM003   ,Portugal,1739497723.0,1739497723,-9.137,38.7662,,True,15.43,255.94,,,,,False,0,2025-02-13 20:48:50,-1
8a09e8,HS7196  ,Indonesia,1739497724.0,1739497724,110.3773,-6.9747,38.1,False,16.07,309.81,-0.98,,45.72,,False,0,2025-02-13 20:48:50,-1
461f4d,FIN1    ,Finland,1739497697.0,1739497697,-118.4255,33.9493,,True,11.83,244.69,,,,1755.0,False,0,2025-02-13 20:48:50,-1
a2609d,HBAL717 ,United States,1739497724.0,1739497724,-67.8892,19.7447,16581.12,False,10.59,240.95,-0.33,,17404.08,,False,0,2025-02-13 20:48:50,-1
461f5a,FIN142  ,Finland,1739497049.0,1739497722,97.9879,14.6604,9753.6,False,12.53,250.82,5.2,,8389.62,721.0,False,0,2025-02-13 20:48:50,-1
461f53,FIN20   ,Finland,1739497724.0,1739497724,-72.9069,44.1434,11894.82,False,329.65,51.14,-0.33,,11689.08,4606.0,True,0,2025-02-13 20:48:50,-1
461f55,FIN99   ,Finland,1739497032.0,1739497720,34.1367,44.9508,10668.0,False,26.4,146.93,0.0,,9707.88,4505.0,False,0,2025-02-13 20:48:50,-1
a26bb8,SKW3704 ,United States,1739497705.0,1739497705,-118.4166,33.935,,True,11.32,261.56,,,,6026.0,False,0,2025-02-13 20:48:50,-1
a2ceb0,N280HF  ,United States,1739497724.0,1739497724,-83.6178,42.048,12496.8,False,295.82,90.6,-0.33,,12283.44,6506.0,False,0,2025-02-13 20:48:50,-1
a23844,RPA5676 ,United States,1739497724.0,1739497724,-74.3272,40.2842,10058.4,False,322.85,49.33,0.0,,10111.74,2165.0,False,0,2025-02-13 20:48:50,-1
461f06,FIN8    ,Finland,1739497724.0,1739497724,-74.2021,39.4544,11277.6,False,316.18,35.4,0.0,,11414.76,2450.0,False,0,2025-02-13 20:48:50,-1
491d82,NJE616B ,Portugal,1739497723.0,1739497723,-61.2206,45.4778,12496.8,False,321.18,77.7,-0.33,,12542.52,3073.0,False,0,2025-02-13 20:48:50,-1
ac990b,N9100H  ,United States,1739497685.0,1739497685,-149.0874,61.5876,243.84,False,29.84,0.99,-2.28,,99.06,,False,0,2025-02-13 20:48:50,-1
c08560,CGYNF   ,Canada,1739497685.0,1739497690,-89.3089,48.3759,129.54,False,24.4,251.57,-2.93,,198.12,,False,0,2025-02-13 20:48:50,-1
a45210,FFT4782 ,United States,1739497724.0,1739497724,-77.4872,38.0125,10058.4,False,310.84,37.4,0.0,,10218.42,7313.0,False,0,2025-02-13 20:48:50,-1
4851ad,KLM116  ,Kingdom of the Netherlands,1739497723.0,1739497723,-92.212,32.4944,11269.98,False,298.74,58.66,0.0,,11628.12,7201.0,False,0,2025-02-13 20:48:50,-1
ab4c1d,DAL74   ,United States,1739497724.0,1739497724,-81.3809,35.3706,9212.58,False,305.07,53.23,4.55,,9464.04,6026.0,False,0,2025-02-13 20:48:50,-1
a3323d,DAL2287 ,United States,1739497723.0,1739497723,-112.0246,33.4311,,True,21.09,90.0,,,,,False,0,2025-02-13 20:48:50,-1
ac134a,SWA3864 ,United States,1739497723.0,1739497724,-88.6642,35.48,10096.5,False,293.99,67.25,-4.88,,10302.24,2314.0,False,0,2025-02-13 20:48:50,-1
abff87,UAL1134 ,United States,1739497596.0,1739497623,-87.9276,41.9828,,True,11.32,90.0,,,,5331.0,False,0,2025-02-13 20:48:50,-1
a4528f,XGN378  ,United States,1739497724.0,1739497724,-71.65,42.2434,10149.84,False,336.36,49.34,6.83,,10096.5,2350.0,False,0,2025-02-13 20:48:50,-1
4065de,BAW176A ,United Kingdom,1739497724.0,1739497724,-64.2415,44.6943,10668.0,False,326.45,61.38,0.0,,10713.72,1622.0,False,0,2025-02-13 20:48:50,-1
a4fbac,AAL1659 ,United States,1739497590.0,1739497591,-97.0269,32.8995,22.86,True,14.4,329.06,,,,2304.0,False,0,2025-02-13 20:48:50,-1
780d22,CES712  ,China,1739497724.0,1739497724,151.1764,-33.9484,,True,22.64,171.56,,,,273.0,False,0,2025-02-13 20:48:50,-1
780bcf,CSN8363 ,China,1739497724.0,1739497724,131.8728,33.1432,10058.4,False,322.17,81.27,0.0,,10325.1,,False,0,2025-02-13 20:48:50,-1
84b451,APJ520  ,Japan,1739497721.0,1739497721,135.3599,33.5393,10058.4,False,298.44,83.17,-0.33,,10302.24,466.0,False,0,2025-02-13 20:48:50,-1
abec03,SWA1494 ,United States,1739497722.0,1739497722,-77.0368,38.8425,,True,13.38,354.38,,,,,False,0,2025-02-13 20:48:50,-1
841538,JAL306  ,Japan,1739497724.0,1739497724,136.9289,34.5312,11887.2,False,340.1,82.87,0.0,,12146.28,2434.0,False,0,2025-02-13 20:48:50,-1
78149d,CSN334  ,China,1739497724.0,1739497724,84.5871,22.9379,12496.8,False,294.7,94.61,-0.33,,13068.3,2166.0,False,0,2025-02-13 20:48:50,-1
abfdd1,AAL9992 ,United States,1739497724.0,1739497724,-89.8739,35.8956,12496.8,False,303.43,59.65,0.0,,12679.68,3434.0,False,0,2025-02-13 20:48:50,-1
86e057,JA851H  ,Japan,1739497723.0,1739497724,139.4422,35.5677,236.22,False,29.26,349.88,0.33,,297.18,1200.0,False,0,2025-02-13 20:48:50,-1
a1afec,MXY9208 ,United States,1739497723.0,1739497724,-75.7383,37.6731,10058.4,False,294.86,38.27,0.0,,10279.38,7051.0,False,0,2025-02-13 20:48:50,-1
781437,,China,,1739497723,,,9448.8,False,345.87,83.51,-0.33,,9639.3,4403.0,False,0,2025-02-13 20:48:50,-1
a9a4e2,JIA5440 ,United States,1739497724.0,1739497724,-80.6608,39.4419,11277.6,False,300.49,99.56,-0.98,,11247.12,2151.0,False,0,2025-02-13 20:48:50,-1
a86a66,QXE2007 ,United States,1739497591.0,1739497591,-123.2171,44.124,,True,12.35,180.0,,,,4623.0,False,0,2025-02-13 20:48:50,-1
c07996,TSC252  ,Canada,1739497724.0,1739497724,-69.3159,44.8568,10972.8,False,298.08,104.08,0.0,,10820.4,,False,0,2025-02-13 20:48:50,-1
4d0116,CLX4324 ,Luxembourg,1739497651.0,1739497723,113.922,22.3037,,True,14.4,90.0,,,,,False,0,2025-02-13 20:48:50,-1
899029,TTW752  ,Taiwan,1739497664.0,1739497664,134.3733,33.6827,10668.0,False,300.68,52.23,0.0,,10919.46,,False,0,2025-02-13 20:48:50,-1
8940b5,DHX755  ,Bahrain,1739497697.0,1739497705,12.2463,51.4084,,True,0.45,357.19,,,,,False,0,2025-02-13 20:48:50,-1
484a92,ZXP02   ,Kingdom of the Netherlands,1739497723.0,1739497724,4.6381,52.3873,350.52,False,22.13,252.41,-1.63,,487.68,6220.0,False,0,2025-02-13 20:48:50,-1
869278,ANA454  ,Japan,1739497689.0,1739497702,134.2112,33.9381,11879.58,False,309.03,74.55,0.0,,12192.0,,False,0,2025-02-13 20:48:50,-1
76cccf,SIA7951 ,Singapore,1739497724.0,1739497724,-74.3238,40.237,10668.0,False,345.94,59.43,0.0,,10706.1,653.0,False,0,2025-02-13 20:48:50,-1
a4095f,UAL2467 ,United States,1739497724.0,1739497724,-79.927,41.735,11879.58,False,310.59,97.9,0.33,,11704.32,634.0,False,0,2025-02-13 20:48:50,-1
882e62,KMI203  ,Thailand,1739497395.0,1739497706,97.9877,14.6603,9151.62,False,9.57,233.75,-0.33,,8191.5,744.0,False,0,2025-02-13 20:48:50,-1
868b50,ANA564  ,Japan,1739497724.0,1739497724,137.533,33.7781,11277.6,False,320.68,77.68,-0.33,,11551.92,3453.0,False,0,2025-02-13 20:48:50,-1
a97aec,N71NM   ,United States,1739497549.0,1739497556,-93.6116,45.5652,274.32,False,26.46,153.43,-1.63,,335.28,,False,0,2025-02-13 20:48:50,-1
ab80f4,DAL262  ,United States,1739497627.0,1739497627,-66.4981,41.9362,8839.2,False,305.51,67.84,0.0,,8953.5,7412.0,False,0,2025-02-13 20:48:50,-1
a6e6e3,N544BB  ,United States,1739497720.0,1739497720,-98.2413,29.7302,365.76,False,25.33,336.04,0.33,,457.2,,False,0,2025-02-13 20:48:50,-1
a33843,JBU2038 ,United States,1739497724.0,1739497724,-76.0861,38.8589,11269.98,False,310.91,40.44,-0.33,,11414.76,7633.0,False,0,2025-02-13 20:48:50,-1
a06293,N124AE  ,United States,1739497537.0,1739497542,-90.6448,38.6669,0.0,False,10.49,258.69,-1.3,,160.02,,False,0,2025-02-13 20:48:50,-1
0d06a7,SLI471  ,Mexico,1739497693.0,1739497693,-99.0649,19.4388,,True,15.43,59.06,,,,,False,0,2025-02-13 20:48:50,-1
899017,CAL5522 ,Taiwan,1739497724.0,1739497724,78.4232,28.9717,10058.4,False,293.93,134.72,0.0,,10317.48,,False,0,2025-02-13 20:48:50,-1
c0173f,ACA854  ,Canada,1739497720.0,1739497721,-60.9893,46.9623,10058.4,False,314.88,90.94,0.0,,10020.3,127.0,False,0,2025-02-13 20:48:50,-1
781570,CSN611  ,China,1739497724.0,1739497724,127.3386,37.3239,10668.0,False,314.31,71.09,-0.33,,10690.86,,False,0,2025-02-13 20:48:50,-1
a9704d,DAL2378 ,United States,1739497724.0,1739497724,-76.1295,37.2999,11887.2,False,295.96,42.82,0.0,,12138.66,7110.0,False,0,2025-02-13 20:48:50,-1
a56512,N447ER  ,United States,1739497724.0,1739497724,-80.4386,25.6527,-91.44,False,27.31,86.76,-1.63,,-22.86,556.0,False,0,2025-02-13 20:48:50,-1
39b44e,DJT101  ,France,1739497723.0,1739497723,-65.889,43.0084,10668.0,False,314.98,65.7,0.0,,10789.92,5025.0,False,0,2025-02-13 20:48:50,-1
89916d,CAL051  ,Taiwan,1739497473.0,1739497473,151.1684,-33.9376,,True,0.32,73.12,,,,2667.0,False,0,2025-02-13 20:48:50,-1
ace04f,N929HG  ,United States,1739497712.0,1739497712,-111.9016,33.6307,,True,9.77,222.19,,,,,False,0,2025-02-13 20:48:50,-1
71c005,KAL251  ,Republic of Korea,1739497724.0,1739497724,-95.4533,44.28,10668.0,False,303.54,138.37,0.0,,10378.44,5712.0,False,0,2025-02-13 20:48:50,-1
a4dbef,DAL48   ,United States,1739497722.0,1739497723,-63.4866,45.8781,11277.6,False,317.14,60.77,0.0,,11262.36,1544.0,False,0,2025-02-13 20:48:50,-1
4caffb,ITY776  ,Ireland,1739497692.0,1739497692,45.5888,26.8558,11277.6,False,298.97,85.06,0.0,,11666.22,,False,0,2025-02-13 20:48:50,-1
89912b,EVA184  ,Taiwan,1739497722.0,1739497722,133.1387,32.4379,11879.58,False,320.49,63.81,-0.33,,12306.3,,False,0,2025-02-13 20:48:50,-1
8990b2,EVA108  ,Taiwan,1739497722.0,1739497722,140.3811,35.7976,,True,11.83,149.06,,,,2636.0,False,0,2025-02-13 20:48:50,-1
01023f,RSX3114 ,Egypt,1739494837.0,1739497724,32.3943,54.7396,10972.8,False,28.0,200.43,0.0,,,6010.0,False,0,2025-02-13 20:48:50,-1
aa5bc5,,United States,,1739497719,,,10058.4,False,338.63,73.77,0.0,,10294.62,3560.0,False,0,2025-02-13 20:48:50,-1
8478ab,NCA049  ,Japan,1739497723.0,1739497723,137.6987,36.7363,11277.6,False,337.11,80.34,-0.33,,11315.7,4475.0,False,0,2025-02-13 20:48:50,-1
ac1988,,United States,1739497460.0,1739497460,-87.9219,41.9819,,True,9.77,90.0,,,,,False,0,2025-02-13 20:48:50,-1
7c4e56,PRC     ,Australia,1739497724.0,1739497724,144.4298,-38.2522,106.68,False,14.84,213.69,-1.63,,53.34,,False,0,2025-02-13 20:48:50,-1
868038,SKY006  ,Japan,1739497723.0,1739497723,132.2406,33.6142,8930.64,False,304.32,76.01,5.85,,9044.94,,False,0,2025-02-13 20:48:50,-1
485e2e,KLM602  ,Kingdom of the Netherlands,1739497724.0,1739497724,-73.6647,45.5846,11269.98,False,317.07,71.95,-0.65,,10919.46,2006.0,False,0,2025-02-13 20:48:50,-1
a8b44e,AAL421  ,United States,1739497723.0,1739497723,-87.7656,36.3891,10668.0,False,297.09,58.24,0.33,,10797.54,6260.0,False,0,2025-02-13 20:48:50,-1
a1cc30,N215BB  ,United States,1739497724.0,1739497724,-84.1617,39.9903,13106.4,False,302.32,57.93,-0.65,,13037.82,3421.0,False,0,2025-02-13 20:48:50,-1
a5f162,EDV4996 ,United States,1739497708.0,1739497708,-73.8588,40.7729,,True,23.66,298.12,,,,,False,0,2025-02-13 20:48:50,-1
ac4d43,FDX5163 ,United States,1739497721.0,1739497721,140.8921,38.1325,10668.0,False,315.43,88.79,0.0,,10546.08,4164.0,False,0,2025-02-13 20:48:50,-1
899105,CAL5640 ,Taiwan,1739497723.0,1739497723,85.9897,25.3366,10668.0,False,312.2,108.94,0.33,,11003.28,531.0,False,0,2025-02-13 20:48:50,-1
0101df,MSR952  ,Egypt,1739497295.0,1739497723,46.6417,46.0923,11574.78,False,536.75,191.61,-6.83,,11376.66,5063.0,False,0,2025-02-13 20:48:50,-1
a55b7f,N444WT  ,United States,1739497724.0,1739497724,-79.8642,41.8282,13723.62,False,310.73,93.32,0.0,,13578.84,2054.0,False,0,2025-02-13 20:48:50,-1
aa735a,SWA4587 ,United States,1739497650.0,1739497650,-97.6687,30.199,,True,11.83,87.19,,,,6145.0,False,0,2025-02-13 20:48:50,-1
aa7f8d,CKS229  ,United States,1739497723.0,1739497723,137.2084,35.1327,9448.8,False,312.52,46.0,0.0,,9502.14,3550.0,False,0,2025-02-13 20:48:50,-1
aa6c50,UAL51   ,United States,1739497724.0,1739497724,-71.8196,41.8231,8618.22,False,317.07,75.24,8.13,,8564.88,1726.0,False,0,2025-02-13 20:48:50,-1
a5d87a,CMB371  ,United States,1739497723.0,1739497724,-72.9287,40.4354,8199.12,False,323.08,46.03,8.13,,8214.36,3616.0,False,0,2025-02-13 20:48:50,-1
a63efc,N501PR  ,United States,1739497724.0,1739497724,-77.4736,37.4461,8229.6,False,303.77,69.48,-1.95,,8359.14,2074.0,False,0,2025-02-13 20:48:50,-1
0b418c,TGRED   ,Guatemala,1739497483.0,1739497722,-90.6781,14.6258,1927.86,False,12.86,36.87,-0.65,,2065.02,1622.0,False,0,2025-02-13 20:48:50,-1
ab4fd4,DAL134  ,United States,1739497650.0,1739497653,-66.645,48.989,10668.0,False,295.82,65.44,-0.33,,10302.24,,False,0,2025-02-13 20:48:50,-1
ab8c19,DAL30   ,United States,1739497724.0,1739497724,-76.3407,41.5767,10058.4,False,320.94,57.3,-0.33,,9898.38,7101.0,False,0,2025-02-13 20:48:50,-1
7b1010,BC2     ,China,1739497465.0,1739497466,113.9117,22.3181,,True,13.38,250.31,,,,,False,0,2025-02-13 20:48:50,-1
485b42,KLM204  ,Kingdom of the Netherlands,1739497724.0,1739497724,-76.8325,44.5822,10492.74,False,313.91,51.72,5.53,,10096.5,6353.0,False,0,2025-02-13 20:48:50,-1
7c4384,NME     ,Australia,1739497440.0,1739497463,151.916,-27.5435,640.08,False,9.61,254.48,0.0,,678.18,,False,0,2025-02-13 20:48:50,-1
a4076a,DAL1309 ,United States,1739497724.0,1739497724,-78.6463,36.8446,8229.6,False,300.1,41.04,0.0,,8412.48,3664.0,False,0,2025-02-13 20:48:50,-1
7c436c,NLQ     ,Australia,1739497544.0,1739497579,144.7563,-37.9294,,True,23.29,226.79,-1.95,,,5250.0,False,0,2025-02-13 20:48:50,-1
4ba95a,THY6901 ,Turkey,1739497723.0,1739497723,-73.3635,46.2092,9448.8,False,306.87,59.7,0.0,,8983.98,6351.0,False,0,2025-02-13 20:48:50,-1
7816b3,CHH427  ,China,1739497724.0,1739497724,45.4887,42.9892,10965.18,False,27.78,1.06,-1.63,,10759.44,4503.0,False,0,2025-02-13 20:48:50,-1
aa3778,N75778  ,United States,1739497425.0,1739497457,-95.7565,41.2922,419.1,False,23.2,183.81,-1.95,,510.54,266.0,False,0,2025-02-13 20:48:50,-1
a5012d,AAL2901 ,United States,1739497724.0,1739497724,-86.6069,35.9222,10660.38,False,298.35,93.26,0.0,,10858.5,6767.0,False,0,2025-02-13 20:48:50,-1
88104f,NOK551  ,Thailand,1739497724.0,1739497724,100.6029,13.9021,,True,13.89,208.12,,,,,False,0,2025-02-13 20:48:50,-1
407ed8,VIR92MC ,United Kingdom,1739497724.0,1739497724,-68.8801,42.2694,11887.2,False,324.19,56.92,0.0,,11963.4,7631.0,False,0,2025-02-13 20:48:50,-1
78045e,CES279  ,China,1739497723.0,1739497723,135.1233,36.5467,11277.6,False,306.5,58.87,0.0,,11353.8,4416.0,False,0,2025-02-13 20:48:50,-1
a5d965,SWA3247 ,United States,1739497717.0,1739497717,-118.4007,33.9355,,True,30.35,261.56,,,,1441.0,True,0,2025-02-13 20:48:50,-1
ac6445,AAL1011 ,United States,1739497723.0,1739497724,-77.9264,37.2359,11277.6,False,304.95,48.21,0.0,,11513.82,3650.0,False,0,2025-02-13 20:48:50,-1
a81f7b,UPS109  ,United States,1739497724.0,1739497724,-99.6987,47.4623,11277.6,False,300.24,127.34,0.0,,10866.12,7276.0,False,0,2025-02-13 20:48:50,-1
7cf635,,Australia,1739497675.0,1739497675,115.9816,-31.932,,True,12.35,213.75,,,,,False,0,2025-02-13 20:48:50,-1
4408fb,AUA15   ,Austria,1739497723.0,1739497724,79.0003,28.5939,11887.2,False,303.63,131.36,0.0,,12260.58,,False,0,2025-02-13 20:48:50,-1
7c4460,NSI     ,Australia,1739497724.0,1739497724,115.8839,-32.0936,60.96,False,26.68,124.0,4.55,,76.2,,False,0,2025-02-13 20:48:50,-1
7803f0,CES775  ,China,1739497724.0,1739497724,131.9739,33.1562,9448.8,False,319.47,81.39,0.0,,9669.78,,False,0,2025-02-13 20:48:50,-1
3c7a4f,CFG2017 ,Germany,1739497724.0,1739497724,-59.6712,45.6062,11277.6,False,314.41,67.59,0.0,,11346.18,7160.0,False,0,2025-02-13 20:48:50,-1
a00b91,UCA4282 ,United States,1739497723.0,1739497723,-77.4363,38.9378,,True,24.69,5.62,,,,,False,0,2025-02-13 20:48:50,-1
a6e5c9,N12345  ,United States,1739497465.0,1739497466,-149.8245,61.5347,220.98,False,20.58,90.0,-1.95,,76.2,,False,0,2025-02-13 20:48:50,-1
a79bdb,TFF959  ,United States,1739497724.0,1739497724,-80.0494,39.5708,9357.36,False,317.89,95.57,-7.8,,9273.54,6571.0,False,0,2025-02-13 20:48:50,-1
704011,MMA620  ,Myanmar,1739497438.0,1739497593,96.1004,19.8918,10972.8,False,12.39,355.24,-0.33,,10012.68,7403.0,False,0,2025-02-13 20:48:50,-1
aabbc9,AAL704  ,United States,1739497720.0,1739497721,-60.783,46.8835,11277.6,False,315.45,62.72,0.0,,11262.36,3560.0,False,0,2025-02-13 20:48:50,-1
aabbc8,N791AM  ,United States,1739497710.0,1739497716,-116.9193,32.603,426.72,False,24.02,170.13,-0.33,,411.48,330.0,False,0,2025-02-13 20:48:50,-1
aba891,AAL1791 ,United States,1739497724.0,1739497724,-74.8476,39.9141,8229.6,False,296.83,36.97,-0.33,,8237.22,3133.0,False,0,2025-02-13 20:48:50,-1
a4e714,DAL10   ,United States,1739497665.0,1739497665,-70.1986,48.1324,10668.0,False,293.36,76.72,0.0,,10233.66,5430.0,False,0,2025-02-13 20:48:50,-1
a89b9b,PDT5886 ,United States,1739497713.0,1739497719,-79.6378,43.6746,91.44,True,12.35,317.81,,,,2215.0,False,0,2025-02-13 20:48:50,-1
868316,ANA676  ,Japan,1739497724.0,1739497724,134.29,35.0864,9654.54,False,296.6,80.72,3.58,,9715.5,4722.0,False,0,2025-02-13 20:48:50,-1
abb007,DAL1    ,United States,1739497724.0,1739497724,-69.5664,43.191,11254.74,False,336.17,55.73,2.93,,11231.88,2622.0,False,0,2025-02-13 20:48:50,-1
ab10cb,AAL94   ,United States,1739497497.0,1739497524,-62.4169,42.6334,11887.2,False,313.26,77.29,0.0,,12092.94,2325.0,False,0,2025-02-13 20:48:50,-1
aa0559,CKS811  ,United States,1739497711.0,1739497721,137.4411,37.2948,9448.8,False,309.45,63.01,-0.33,,9311.64,4426.0,False,0,2025-02-13 20:48:50,-1
a6bda8,VJA533  ,United States,1739497724.0,1739497724,-117.5347,47.6203,,True,13.89,47.81,,,,,False,0,2025-02-13 20:48:50,-1
880c4a,AIQ234  ,Thailand,1739497724.0,1739497724,133.1336,32.4361,11277.6,False,302.08,63.83,-0.33,,11673.84,,False,0,2025-02-13 20:48:50,-1
ab7394,AAL2291 ,United States,1739497723.0,1739497723,-79.8346,41.9489,10058.4,False,300.09,77.73,0.33,,9768.84,6327.0,False,0,2025-02-13 20:48:50,-1
406b22,BAW8K   ,United Kingdom,1739497723.0,1739497723,-87.7647,38.0392,11277.6,False,295.63,52.35,0.0,,11285.22,7107.0,False,0,2025-02-13 20:48:50,-1
a17355,N193AE  ,United States,1739497501.0,1739497501,-88.5413,39.0138,38.1,False,20.38,349.82,-2.93,,198.12,,False,0,2025-02-13 20:48:50,-1
3c08c9,VJH992  ,Germany,1739497724.0,1739497724,-66.9798,43.5689,12496.8,False,323.25,63.03,0.0,,12519.66,3566.0,False,0,2025-02-13 20:48:50,-1
a639f5,JIA9974 ,United States,1739497724.0,1739497724,-73.6641,40.8213,11277.6,False,327.96,50.09,-0.65,,11323.32,531.0,False,0,2025-02-13 20:48:50,-1
06a080,QTR8404 ,Qatar,1739497724.0,1739497724,90.3444,22.4348,11887.2,False,293.97,97.14,0.0,,12420.6,2131.0,False,0,2025-02-13 20:48:50,-1
4cad45,ITY792  ,Ireland,1739497724.0,1739497724,133.7368,35.6869,11887.2,False,341.28,110.84,0.0,,12062.46,4472.0,False,0,2025-02-13 20:48:50,-1
39cf06,AFR137  ,France,1739497724.0,1739497724,-66.0526,45.17,11277.6,False,333.5,71.57,0.0,,11231.88,1374.0,False,0,2025-02-13 20:48:50,-1
3949e9,AFR69T  ,France,1739497724.0,1739497724,-84.7586,40.6958,11277.6,False,300.88,69.27,0.0,,11102.34,4127.0,False,0,2025-02-13 20:48:50,-1
3c458c,BOX590  ,Germany,1739497724.0,1739497724,-105.4901,50.5639,10668.0,False,294.78,128.41,0.0,,10203.18,6223.0,False,0,2025-02-13 20:48:50,-1
c00899,ACA1058 ,Canada,1739497722.0,1739497723,-115.1455,36.075,,True,10.29,90.0,,,,7065.0,False,0,2025-02-13 20:48:50,-1
a3f020,N353BW  ,United States,1739497723.0,1739497723,-73.8807,41.0975,2042.16,False,30.26,305.31,3.25,,1965.96,4243.0,False,0,2025-02-13 20:48:50,-1
aaf183,JBU2102 ,United States,1739497724.0,1739497724,-74.8176,39.0782,8450.58,False,303.85,37.43,-11.38,,8572.5,2166.0,False,0,2025-02-13 20:48:50,-1
ac0906,AAL92   ,United States,1739497723.0,1739497723,-62.1704,44.1541,11887.2,False,329.96,68.31,0.0,,12016.74,2772.0,False,0,2025-02-13 20:48:50,-1
a555b7,N44290  ,United States,1739497721.0,1739497723,-86.5234,30.7878,91.44,False,30.35,0.0,3.25,,182.88,,False,0,2025-02-13 20:48:50,-1
a3fba4,,United States,1739497692.0,1739497692,-115.138,36.0842,,True,0.32,90.0,,,,,False,0,2025-02-13 20:48:50,-1
ab6cb0,UAL543  ,United States,1739497724.0,1739497724,-87.835,32.3782,11277.6,False,293.59,67.43,0.0,,11658.6,,False,0,2025-02-13 20:48:50,-1
a052d8,N12RH   ,United States,1739497724.0,1739497724,-84.4231,39.0949,0.0,False,9.79,183.01,-0.65,,137.16,,False,0,2025-02-13 20:48:50,-1
a782dd,UPS901  ,United States,1739497723.0,1739497724,-114.759,34.0383,11879.58,False,294.74,67.42,0.98,,11986.26,2602.0,False,0,2025-02-13 20:48:50,-1
ac7a5e,AAL1425 ,United States,1739497724.0,1739497724,-87.1987,36.646,10668.0,False,300.9,70.11,0.0,,10782.3,6213.0,False,0,2025-02-13 20:48:50,-1
a4ce71,DAL230  ,United States,1739497720.0,1739497724,-66.8333,43.6364,10668.0,False,334.39,59.49,0.0,,10698.48,1067.0,False,0,2025-02-13 20:48:50,-1
a84200,FFT1439 ,United States,1739497719.0,1739497719,-111.9781,40.7991,,True,12.86,354.38,,,,,False,0,2025-02-13 20:48:50,-1
a5e229,HAL1622 ,United States,1739497723.0,1739497723,-81.595,41.1279,11887.2,False,319.53,79.14,0.0,,11727.18,3515.0,False,0,2025-02-13 20:48:50,-1
87422e,JA978A  ,Japan,1739497723.0,1739497723,139.9551,35.9597,662.94,False,25.25,273.5,0.33,,708.66,1337.0,False,0,2025-02-13 20:48:50,-1
5100fb,BRU740  ,Belarus,,1739497695,,,,False,22.97,105.59,0.33,,,,False,0,2025-02-13 20:48:50,-1
a1aa4e,SWA3587 ,United States,1739497724.0,1739497724,-77.6991,37.2343,9144.0,False,306.9,49.55,-0.33,,9326.88,3154.0,False,0,2025-02-13 20:48:50,-1
861b06,JAL113  ,Japan,1739497723.0,1739497724,139.8029,35.5334,0.0,True,10.29,149.06,,,,4726.0,False,0,2025-02-13 20:48:50,-1
ac8111,ASI81   ,United States,1739497723.0,1739497723,-111.8187,33.2624,365.76,False,29.52,48.53,-1.95,,388.62,1200.0,False,0,2025-02-13 20:48:50,-1
71002b,SVA062  ,Saudi Arabia,1739497586.0,1739497589,-69.7856,48.0473,10050.78,False,314.24,53.66,0.33,,9601.2,566.0,False,0,2025-02-13 20:48:50,-1
850e7a,JAL292  ,Japan,1739497724.0,1739497724,137.6224,34.6385,10485.12,False,321.41,85.69,-5.85,,10645.14,4632.0,False,0,2025-02-13 20:48:50,-1
a1bd6a,MXY509  ,United States,1739497724.0,1739497724,-86.944,38.0061,9441.18,False,301.27,83.63,-0.33,,9448.8,736.0,False,0,2025-02-13 20:48:50,-1
71c507,ESR607  ,Republic of Korea,1739497723.0,1739497723,138.8625,36.8933,10416.54,False,307.01,80.74,-4.55,,10370.82,7163.0,False,0,2025-02-13 20:48:50,-1
71c534,AAR152  ,Republic of Korea,1739497723.0,1739497724,136.7659,36.8483,10668.0,False,319.51,71.8,0.0,,10660.38,7145.0,False,0,2025-02-13 20:48:50,-1
5113e8,D14     ,Estonia,1739497716.0,1739497716,24.8298,59.4151,,True,13.38,90.0,,,,,False,0,2025-02-13 20:48:50,-1
8682fc,JAL308  ,Japan,1739497724.0,1739497724,134.0417,34.0147,11277.6,False,338.44,72.67,0.0,,11551.92,,False,0,2025-02-13 20:48:50,-1
5113ce,FORUS11 ,Estonia,1739497628.0,1739497687,24.8775,59.4108,,True,11.32,357.19,,,,,False,0,2025-02-13 20:48:50,-1
c00960,CFDOH   ,Canada,1739497713.0,1739497716,-125.2604,49.9439,304.8,False,24.75,313.32,-2.6,,129.54,,False,0,2025-02-13 20:48:50,-1
c04fbb,ACA892  ,Canada,1739497723.0,1739497723,-68.741,46.382,11193.78,False,324.85,66.48,2.93,,10942.32,,False,0,2025-02-13 20:48:50,-1
86226a,ANA964  ,Japan,1739497723.0,1739497723,128.1775,37.5527,11887.2,False,313.82,71.95,0.33,,11894.82,,False,0,2025-02-13 20:48:50,-1
a2a915,UAL918  ,United States,1739497723.0,1739497723,-65.0839,45.8663,10668.0,False,327.65,57.31,0.0,,10599.42,540.0,False,0,2025-02-13 20:48:50,-1
800d0a,IGO1067 ,India,1739496673.0,1739497722,97.9881,14.6605,8305.8,False,12.86,196.26,-9.43,,7345.68,,False,0,2025-02-13 20:48:50,-1
abba93,PAC998  ,United States,1739497723.0,1739497723,-109.1994,52.7594,10058.4,False,297.59,128.61,0.0,,9540.24,,False,0,2025-02-13 20:48:50,-1
ae4799,R20139  ,United States,1739497724.0,1739497724,-104.835,38.4412,1699.26,False,26.2,43.41,1.63,,1699.26,,False,0,2025-02-13 20:48:50,-1
c80872,ZKGLL   ,New Zealand,1739497723.0,1739497723,176.0913,-38.6997,0.0,False,24.28,126.38,0.0,,,,False,0,2025-02-13 20:48:50,-1
ab8fd0,DAL184  ,United States,1739497724.0,1739497724,-69.8227,41.4581,10058.4,False,318.04,69.75,-0.33,,10165.08,2663.0,False,0,2025-02-13 20:48:50,-1
3c4252,E756    ,Germany,1739497672.0,1739497706,13.4847,52.3558,,True,11.32,247.5,,,,,False,0,2025-02-13 20:48:50,-1
600bbe,AZG786  ,Azerbaijan,1739497724.0,1739497724,-81.444,43.6916,9448.8,False,304.8,65.47,0.0,,8968.74,3134.0,False,0,2025-02-13 20:48:50,-1
a3888b,N327CH  ,United States,1739497522.0,1739497522,-87.4112,39.4163,22.86,False,20.23,82.69,-1.63,,190.5,1200.0,False,0,2025-02-13 20:48:50,-1
4caaf1,EIN104  ,Ireland,1739497723.0,1739497723,-62.8341,43.9608,10668.0,False,317.26,67.8,0.0,,10774.68,6652.0,False,0,2025-02-13 20:48:50,-1
abc123,LVONO   ,United States,1739497724.0,1739497724,-58.6025,-34.6249,205.74,False,25.6,67.56,1.95,,220.98,1200.0,False,0,2025-02-13 20:48:50,-1
a74505,DAL66   ,United States,1739497724.0,1739497724,-73.1352,39.4899,11277.6,False,324.95,46.48,0.0,,11445.24,2543.0,False,0,2025-02-13 20:48:50,-1
79a054,CSN629  ,China,1739497723.0,1739497723,139.0753,36.9204,8839.2,False,293.82,80.93,0.33,,8755.38,3167.0,False,0,2025-02-13 20:48:50,-1
a708b0,AAL512  ,United States,1739497724.0,1739497724,-77.3724,38.4013,8839.2,False,301.07,58.13,0.0,,8938.26,636.0,False,0,2025-02-13 20:48:50,-1
86d59c,JAL20   ,Japan,1739497724.0,1739497724,127.5831,37.3816,11887.2,False,336.79,70.73,-0.33,,11940.54,,False,0,2025-02-13 20:48:50,-1
39d2a6,AFR333M ,France,1739497723.0,1739497723,-66.2769,42.8788,11666.22,False,331.5,65.42,5.85,,11750.04,6306.0,False,0,2025-02-13 20:48:50,-1
06a1dd,QQE947  ,Qatar,1739497724.0,1739497724,-69.5487,43.1333,13716.0,False,312.65,54.37,0.33,,13700.76,3161.0,False,0,2025-02-13 20:48:50,-1
c82a1d,ZKIUL   ,New Zealand,1739497724.0,1739497724,174.8081,-36.9354,45.72,False,25.91,353.16,-4.23,,152.4,1500.0,False,0,2025-02-13 20:48:50,-1
a3d7a7,DAL518  ,United States,1739497724.0,1739497724,-79.402,36.5499,10675.62,False,301.11,54.25,0.0,,10919.46,3343.0,False,0,2025-02-13 20:48:50,-1
4cc52b,ICE38C  ,Iceland,1739497724.0,1739497724,-73.1933,46.3686,10668.0,False,293.59,37.95,-0.33,,10218.42,2243.0,False,0,2025-02-13 20:48:50,-1
71bf40,AAR174  ,Republic of Korea,1739497722.0,1739497722,135.7956,36.8699,11277.6,False,305.62,59.33,-0.33,,11285.22,4106.0,False,0,2025-02-13 20:48:50,-1
71bf43,JNA301  ,Republic of Korea,1739497724.0,1739497724,140.6958,40.4314,10660.38,False,300.81,77.56,0.65,,10309.86,,False,0,2025-02-13 20:48:50,-1
4cc53a,ICE614  ,Iceland,1739497724.0,1739497724,-71.6757,42.4251,9334.5,False,307.16,39.15,4.88,,9265.92,1520.0,False,0,2025-02-13 20:48:50,-1
0100db,MSR613  ,Egypt,1739497720.0,1739497720,47.9884,29.227,,True,12.35,154.69,,,,,False,0,2025-02-13 20:48:50,-1
7c7b5d,YNJ     ,Australia,1739497724.0,1739497724,138.6279,-34.8082,190.5,False,26.0,207.07,2.6,,190.5,3000.0,False,0,2025-02-13 20:48:50,-1
45ce55,SRR6402 ,Denmark,1739497616.0,1739497616,7.155,50.858,,True,14.4,137.81,,,,2560.0,False,0,2025-02-13 20:48:50,-1
46b8b3,AEE928  ,Greece,1739497677.0,1739497677,34.8771,32.0058,,True,14.92,300.94,,,,7404.0,False,0,2025-02-13 20:48:50,-1
4cc574,ICE616  ,Iceland,1739497724.0,1739497724,-67.8802,46.3167,11277.6,False,311.4,45.54,0.0,,11056.62,1473.0,False,0,2025-02-13 20:48:50,-1
7c1aa4,VHFJQ   ,Australia,1739497724.0,1739497724,146.0542,-34.7451,12496.8,False,294.51,83.68,0.0,,13045.44,4375.0,False,0,2025-02-13 20:48:50,-1
06a123,QTR756  ,Qatar,1739497724.0,1739497724,-75.7667,38.86,10058.4,False,339.35,53.76,0.0,,10180.32,2143.0,False,0,2025-02-13 20:48:50,-1
abc29a,DAL16   ,United States,1739497723.0,1739497723,-62.078,48.7741,11277.6,False,316.58,79.99,-0.33,,11117.58,7450.0,False,0,2025-02-13 20:48:50,-1
a4cc00,SKW3335 ,United States,1739497645.0,1739497645,-122.3155,47.4436,,True,13.89,149.06,,,,6113.0,False,0,2025-02-13 20:48:50,-1
8850b6,THA323  ,Thailand,1739497624.0,1739497723,96.1008,19.8923,10363.2,False,12.39,318.37,0.0,,9403.08,6137.0,False,0,2025-02-13 20:48:50,-1
06a12d,QTR72R  ,Qatar,1739497724.0,1739497724,-77.842,41.1158,10058.4,False,335.47,62.61,0.0,,9913.62,561.0,False,0,2025-02-13 20:48:50,-1
ab84ab,DAL130  ,United States,1739497570.0,1739497570,-59.097,46.9596,10066.02,False,302.32,69.38,0.0,,10058.4,4163.0,False,0,2025-02-13 20:48:50,-1
7c1acb,FKT     ,Australia,1739497708.0,1739497708,152.8752,-26.6786,464.82,False,10.19,135.0,-1.63,,480.06,,False,0,2025-02-13 20:48:50,-1
80153a,,India,,1739497546,,,,False,301.55,140.61,-0.33,,,,False,0,2025-02-13 20:48:50,-1
801548,AKJ141J ,India,1739497716.0,1739497717,72.8787,19.0889,,True,11.32,270.0,,,,256.0,False,0,2025-02-13 20:48:50,-1
a4c02d,GTI8241 ,United States,1739497681.0,1739497684,-101.9948,51.0163,10058.4,False,300.85,120.86,0.0,,9441.18,3424.0,False,0,2025-02-13 20:48:50,-1
ae4870,R20194  ,United States,1739497707.0,1739497716,-78.9388,35.1309,-7.62,False,17.01,266.53,-0.98,,60.96,,False,0,2025-02-13 20:48:50,-1
ae486d,R20191  ,United States,1739497632.0,1739497638,-78.9324,35.1323,15.24,False,19.1,265.36,-1.95,,68.58,1200.0,False,0,2025-02-13 20:48:50,-1
3c061d,VJH983  ,Germany,1739497724.0,1739497724,-77.9779,42.7496,11887.2,False,300.88,69.27,0.0,,11658.6,2143.0,False,0,2025-02-13 20:48:50,-1
06a0b3,QTR5Q   ,Qatar,1739497724.0,1739497724,84.188,23.085,11879.58,False,302.04,91.17,-0.33,,12428.22,2150.0,False,0,2025-02-13 20:48:50,-1
7c3581,KUR     ,Australia,1739497565.0,1739497565,145.0968,-37.971,91.44,False,29.44,174.99,-2.28,,38.1,3000.0,False,0,2025-02-13 20:48:50,-1
06a0f4,QTR17C  ,Qatar,1739497724.0,1739497724,-88.5792,34.4793,10058.4,False,305.18,59.28,0.0,,10309.86,4602.0,False,0,2025-02-13 20:48:50,-1
a255e5,N25HS   ,United States,1739497722.0,1739497723,-100.5015,31.3538,,True,9.77,182.81,,,,,False,0,2025-02-13 20:48:50,-1
a1d546,UAL23   ,United States,1739497722.0,1739497723,-67.4312,44.2174,11277.6,False,331.91,57.15,0.0,,11254.74,4013.0,False,0,2025-02-13 20:48:50,-1
0d0ff4,AMX410  ,Mexico,1739497724.0,1739497724,-76.9788,38.3444,11887.2,False,301.47,36.67,0.0,,12054.84,3201.0,False,0,2025-02-13 20:48:50,-1
ab83e8,DAL809  ,United States,1739497723.0,1739497723,-84.4344,33.6485,,True,12.35,270.0,,,,6123.0,False,0,2025-02-13 20:48:50,-1
a4229e,N366AH  ,United States,1739497411.0,1739497411,-80.7123,35.3799,121.92,False,27.75,10.68,-1.63,,198.12,,False,0,2025-02-13 20:48:50,-1
7808c7,CCA405  ,China,1739497681.0,1739497681,133.6866,33.5132,8915.4,False,319.28,81.01,-4.55,,9174.48,,False,0,2025-02-13 20:48:50,-1
